x,y,z,yaw
-0.853381872177124,10.169989585876465,-0.0002865120768547058,-0.077726349234581
-0.8581299185752869,6.669992446899414,-0.0002865120768547058,-0.077726349234581
-0.8628779649734497,3.1699953079223633,-0.0002865120768547058,-0.077726349234581
-0.8676260113716125,-0.33000147342681885,-0.0002865120768547058,-0.077726349234581
-0.8723739981651306,-3.82999849319458,-0.0002865120768547058,179.92227172851562
-0.8771220445632935,-7.329995155334473,-0.0002865120768547058,179.92227172851562
-0.8818700909614563,-10.829992294311523,-0.0002865120768547058,179.92227172851562
-0.8866181373596191,-14.329989433288574,-0.0002865120768547058,179.92227172851562
0.14661720395088196,10.168632507324219,-0.0006856475956737995,-0.077726349234581
0.1418691724538803,6.668635845184326,-0.0006856475956737995,-0.077726349234581
0.13712114095687866,3.1686387062072754,-0.0006856475956737995,-0.077726349234581
0.13237310945987701,-0.33135807514190674,-0.0006856475956737995,-0.077726349234581
0.12762509286403656,-3.831355094909668,-0.0006856475956737995,179.92227172851562
0.12287705391645432,-7.3313517570495605,-0.0006856475956737995,179.92227172851562
0.11812902241945267,-10.831348419189453,-0.0006856475956737995,179.92227172851562
0.11338099092245102,-14.33134651184082,-0.0006856475956737995,179.92227172851562
1.1466163396835327,10.167276382446289,-0.0010847831144928932,-0.077726349234581
1.141868233680725,6.667279243469238,-0.0010847831144928932,-0.077726349234581
1.137120246887207,3.1672821044921875,-0.0010847831144928932,-0.077726349234581
1.132372260093689,-0.33271467685699463,-0.0010847831144928932,-0.077726349234581
1.1276241540908813,-3.832711696624756,-0.0010847831144928932,179.92227172851562
1.1228761672973633,-7.332708358764648,-0.0010847831144928932,179.92227172851562
1.1181281805038452,-10.8327054977417,-0.0010847831144928932,179.92227172851562
1.1133800745010376,-14.33270263671875,-0.0010847831144928932,179.92227172851562
2.1466152667999268,10.16592025756836,-0.0014839187497273088,-0.077726349234581
2.1418673992156982,6.66592264175415,-0.0014839187497273088,-0.077726349234581
2.1371192932128906,3.1659255027770996,-0.0014839187497273088,-0.077726349234581
2.132371187210083,-0.3340712785720825,-0.0014839187497273088,-0.077726349234581
2.1276233196258545,-3.8340682983398438,-0.0014839187497273088,179.92227172851562
2.122875213623047,-7.334064960479736,-0.0014839187497273088,179.92227172851562
2.1181271076202393,-10.834062576293945,-0.0014839187497273088,179.92227172851562
2.1133792400360107,-14.33405876159668,-0.0014839187497273088,179.92227172851562
3.1466143131256104,10.164563179016113,-0.0018830542685464025,-0.077726349234581
3.141866445541382,6.6645660400390625,-0.0018830542685464025,-0.077726349234581
3.137118339538574,3.1645689010620117,-0.0018830542685464025,-0.077726349234581
3.1323702335357666,-0.3354278802871704,-0.0018830542685464025,-0.077726349234581
3.127622365951538,-3.8354249000549316,-0.0018830542685464025,179.92227172851562
3.1228742599487305,-7.335421562194824,-0.0018830542685464025,179.92227172851562
3.118126153945923,-10.835418701171875,-0.0018830542685464025,179.92227172851562
3.1133782863616943,-14.335415840148926,-0.0018830542685464025,179.92227172851562
4.146613597869873,10.163206100463867,-0.0022821896709501743,-0.077726349234581
4.141865253448486,6.663209438323975,-0.0022821896709501743,-0.077726349234581
4.137117385864258,3.163212299346924,-0.0022821896709501743,-0.077726349234581
4.132369518280029,-0.3367844820022583,-0.0022821896709501743,-0.077726349234581
4.127621173858643,-3.8367815017700195,-0.0022821896709501743,179.92227172851562
4.122873306274414,-7.336778163909912,-0.0022821896709501743,179.92227172851562
4.1181254386901855,-10.836774826049805,-0.0022821896709501743,179.92227172851562
4.113377094268799,-14.336772918701172,-0.0022821896709501743,179.92227172851562
5.146612644195557,10.161849975585938,-0.0026813254225999117,-0.077726349234581
5.14186429977417,6.661852836608887,-0.0026813254225999117,-0.077726349234581
5.137116432189941,3.161855936050415,-0.0026813254225999117,-0.077726349234581
5.132368564605713,-0.3381408452987671,-0.0026813254225999117,-0.077726349234581
5.127620220184326,-3.838137626647949,-0.0026813254225999117,179.92227172851562
5.122872352600098,-7.338134765625,-0.0026813254225999117,179.92227172851562
5.118124485015869,-10.83813190460205,-0.0026813254225999117,179.92227172851562
5.113376140594482,-14.338129043579102,-0.0026813254225999117,179.92227172851562
6.14661169052124,10.160493850708008,-0.0030804609414190054,-0.077726349234581
6.1418633460998535,6.660496711730957,-0.0030804609414190054,-0.077726349234581
6.137115478515625,3.160499334335327,-0.0030804609414190054,-0.077726349234581
6.1323676109313965,-0.339497447013855,-0.0030804609414190054,-0.077726349234581
6.12761926651001,-3.839494228363037,-0.0030804609414190054,179.92227172851562
6.122871398925781,-7.33949089050293,-0.0030804609414190054,179.92227172851562
6.118123531341553,-10.83948802947998,-0.0030804609414190054,179.92227172851562
6.113375186920166,-14.339485168457031,-0.0030804609414190054,179.92227172851562
7.146611213684082,10.159136772155762,-0.003479596460238099,-0.077726349234581
7.141862869262695,6.659139633178711,-0.003479596460238099,-0.077726349234581
7.137115001678467,3.1591427326202393,-0.003479596460238099,-0.077726349234581
7.132367134094238,-0.34085404872894287,-0.003479596460238099,-0.077726349234581
7.127618789672852,-3.840850830078125,-0.003479596460238099,179.92227172851562
7.122870922088623,-7.340847969055176,-0.003479596460238099,179.92227172851562
7.1181230545043945,-10.840845108032227,-0.003479596460238099,179.92227172851562
7.113374710083008,-14.340842247009277,-0.003479596460238099,179.92227172851562
8.14660930633545,10.157780647277832,-0.003878731979057193,-0.077726349234581
8.141861915588379,6.657783508300781,-0.003878731979057193,-0.077726349234581
8.137113571166992,3.1577861309051514,-0.003878731979057193,-0.077726349234581
8.132365226745605,-0.34221065044403076,-0.003878731979057193,-0.077726349234581
8.127617835998535,-3.842207431793213,-0.003878731979057193,179.92227172851562
8.122869491577148,-7.3422040939331055,-0.003878731979057193,179.92227172851562
8.118121147155762,-10.842201232910156,-0.003878731979057193,179.92227172851562
8.113373756408691,-14.342198371887207,-0.003878731979057193,179.92227172851562
9.146608352661133,10.156423568725586,-0.004277867265045643,-0.077726349234581
9.141860961914062,6.656426429748535,-0.004277867265045643,-0.077726349234581
9.137112617492676,3.1564295291900635,-0.004277867265045643,-0.077726349234581
9.132364273071289,-0.34356725215911865,-0.004277867265045643,-0.077726349234581
9.127616882324219,-3.843564033508301,-0.004277867265045643,179.92227172851562
9.122868537902832,-7.343561172485352,-0.004277867265045643,179.92227172851562
9.118120193481445,-10.843558311462402,-0.004277867265045643,179.92227172851562
9.113372802734375,-14.343555450439453,-0.004277867265045643,179.92227172851562
10.146607398986816,10.155067443847656,-0.0046770027838647366,-0.077726349234581
10.141860008239746,6.6550703048706055,-0.0046770027838647366,-0.077726349234581
10.13711166381836,3.1550729274749756,-0.0046770027838647366,-0.077726349234581
10.132363319396973,-0.34492385387420654,-0.0046770027838647366,-0.077726349234581
10.127615928649902,-3.8449206352233887,-0.0046770027838647366,179.92227172851562
10.122867584228516,-7.344917297363281,-0.0046770027838647366,179.92227172851562
10.118119239807129,-10.844914436340332,-0.0046770027838647366,179.92227172851562
10.113371849060059,-14.344911575317383,-0.0046770027838647366,179.92227172851562
11.1466064453125,10.15371036529541,-0.005076138768345118,-0.077726349234581
11.14185905456543,6.653713226318359,-0.005076138768345118,-0.077726349234581
11.137110710144043,3.1537163257598877,-0.005076138768345118,-0.077726349234581
11.132362365722656,-0.34628045558929443,-0.005076138768345118,-0.077726349234581
11.127614974975586,-3.8462772369384766,-0.005076138768345118,179.92227172851562
11.1228666305542,-7.346274375915527,-0.005076138768345118,179.92227172851562
11.118118286132812,-10.846271514892578,-0.005076138768345118,179.92227172851562
11.113370895385742,-14.346268653869629,-0.005076138768345118,179.92227172851562
12.146605491638184,10.15235424041748,-0.005475274287164211,-0.077726349234581
12.141858100891113,6.65235710144043,-0.005475274287164211,-0.077726349234581
12.137109756469727,3.1523597240448,-0.005475274287164211,-0.077726349234581
12.13236141204834,-0.3476370573043823,-0.005475274287164211,-0.077726349234581
12.12761402130127,-3.8476338386535645,-0.005475274287164211,179.92227172851562
12.122865676879883,-7.347630500793457,-0.005475274287164211,179.92227172851562
12.118117332458496,-10.847627639770508,-0.005475274287164211,179.92227172851562
12.113369941711426,-14.347624778747559,-0.005475274287164211,179.92227172851562
13.146604537963867,10.150997161865234,-0.005874409805983305,-0.077726349234581
13.141857147216797,6.651000022888184,-0.005874409805983305,-0.077726349234581
13.13710880279541,3.151003122329712,-0.005874409805983305,-0.077726349234581
13.132360458374023,-0.3489936590194702,-0.005874409805983305,-0.077726349234581
13.127613067626953,-3.8489904403686523,-0.005874409805983305,179.92227172851562
13.122864723205566,-7.348987579345703,-0.005874409805983305,179.92227172851562
13.11811637878418,-10.848984718322754,-0.005874409805983305,179.92227172851562
13.11336898803711,-14.348981857299805,-0.005874409805983305,179.92227172851562
14.146604537963867,10.149641036987305,-0.006273545324802399,-0.077726349234581
14.141857147216797,6.649643898010254,-0.006273545324802399,-0.077726349234581
14.13710880279541,3.149646520614624,-0.006273545324802399,-0.077726349234581
14.132360458374023,-0.3503502607345581,-0.006273545324802399,-0.077726349234581
14.127613067626953,-3.8503470420837402,-0.006273545324802399,179.92227172851562
14.122864723205566,-7.350343704223633,-0.006273545324802399,179.92227172851562
14.11811637878418,-10.850340843200684,-0.006273545324802399,179.92227172851562
14.11336898803711,-14.350337982177734,-0.006273545324802399,179.92227172851562
15.14660358428955,10.148283958435059,-0.006672680843621492,-0.077726349234581
15.14185619354248,6.648286819458008,-0.006672680843621492,-0.077726349234581
15.137107849121094,3.148289918899536,-0.006672680843621492,-0.077726349234581
15.132359504699707,-0.351706862449646,-0.006672680843621492,-0.077726349234581
15.127612113952637,-3.851703643798828,-0.006672680843621492,179.92227172851562
15.12286376953125,-7.351700782775879,-0.006672680843621492,179.92227172851562
15.118115425109863,-10.85169792175293,-0.006672680843621492,179.92227172851562
15.113368034362793,-14.35169506072998,-0.006672680843621492,179.92227172851562
16.146602630615234,10.146927833557129,-0.007071816362440586,-0.077726349234581
16.14185333251953,6.646930694580078,-0.007071816362440586,-0.077726349234581
16.13710594177246,3.1469335556030273,-0.007071816362440586,-0.077726349234581
16.13235855102539,-0.3530632257461548,-0.007071816362440586,-0.077726349234581
16.127609252929688,-3.853060245513916,-0.007071816362440586,179.92227172851562
16.122861862182617,-7.353056907653809,-0.007071816362440586,179.92227172851562
16.118114471435547,-10.85305404663086,-0.007071816362440586,179.92227172851562
16.113365173339844,-14.35305118560791,-0.007071816362440586,179.92227172851562
17.1466007232666,10.145570755004883,-0.00747095188125968,-0.077726349234581
17.1418514251709,6.64557409286499,-0.00747095188125968,-0.077726349234581
17.137104034423828,3.1455769538879395,-0.00747095188125968,-0.077726349234581
17.132356643676758,-0.3544198274612427,-0.00747095188125968,-0.077726349234581
17.127607345581055,-3.854416847229004,-0.00747095188125968,179.92227172851562
17.122859954833984,-7.3544135093688965,-0.00747095188125968,179.92227172851562
17.118112564086914,-10.854410171508789,-0.00747095188125968,179.92227172851562
17.11336326599121,-14.354408264160156,-0.00747095188125968,179.92227172851562
18.1466007232666,10.144214630126953,-0.007870087400078773,-0.077726349234581
18.1418514251709,6.644217491149902,-0.007870087400078773,-0.077726349234581
18.137104034423828,3.1442203521728516,-0.007870087400078773,-0.077726349234581
18.132356643676758,-0.35577642917633057,-0.007870087400078773,-0.077726349234581
18.127607345581055,-3.855773448944092,-0.007870087400078773,179.92227172851562
18.122859954833984,-7.355770111083984,-0.007870087400078773,179.92227172851562
18.118112564086914,-10.855767250061035,-0.007870087400078773,179.92227172851562
18.11336326599121,-14.355764389038086,-0.007870087400078773,179.92227172851562
19.14659881591797,10.142858505249023,-0.00826922245323658,-0.077726349234581
19.141849517822266,6.6428608894348145,-0.00826922245323658,-0.077726349234581
19.137102127075195,3.1428637504577637,-0.00826922245323658,-0.077726349234581
19.132354736328125,-0.35713303089141846,-0.00826922245323658,-0.077726349234581
19.127605438232422,-3.8571300506591797,-0.00826922245323658,179.92227172851562
19.12285804748535,-7.357126712799072,-0.00826922245323658,179.92227172851562
19.11811065673828,-10.857124328613281,-0.00826922245323658,179.92227172851562
19.113361358642578,-14.357120513916016,-0.00826922245323658,179.92227172851562
20.14659881591797,10.141501426696777,-0.008668358437716961,-0.077726349234581
20.141849517822266,6.641504287719727,-0.008668358437716961,-0.077726349234581
20.137102127075195,3.141507148742676,-0.008668358437716961,-0.077726349234581
20.132354736328125,-0.35848963260650635,-0.008668358437716961,-0.077726349234581
20.127605438232422,-3.8584866523742676,-0.008668358437716961,179.92227172851562
20.12285804748535,-7.35848331451416,-0.008668358437716961,179.92227172851562
20.11811065673828,-10.858480453491211,-0.008668358437716961,179.92227172851562
20.113361358642578,-14.358477592468262,-0.008668358437716961,179.92227172851562
21.146596908569336,10.140144348144531,-0.009067493490874767,-0.077726349234581
21.141847610473633,6.640147686004639,-0.009067493490874767,-0.077726349234581
21.137100219726562,3.140150547027588,-0.009067493490874767,-0.077726349234581
21.132352828979492,-0.35984623432159424,-0.009067493490874767,-0.077726349234581
21.12760353088379,-3.8598432540893555,-0.009067493490874767,179.92227172851562
21.12285614013672,-7.359839916229248,-0.009067493490874767,179.92227172851562
21.11810874938965,-10.85983657836914,-0.009067493490874767,179.92227172851562
21.113359451293945,-14.359834671020508,-0.009067493490874767,179.92227172851562
22.146596908569336,10.138788223266602,-0.009466629475355148,-0.077726349234581
22.141847610473633,6.638791084289551,-0.009466629475355148,-0.077726349234581
22.137100219726562,3.1387939453125,-0.009466629475355148,-0.077726349234581
22.132352828979492,-0.36120283603668213,-0.009466629475355148,-0.077726349234581
22.12760353088379,-3.8611998558044434,-0.009466629475355148,179.92227172851562
22.12285614013672,-7.361196517944336,-0.009466629475355148,179.92227172851562
22.11810874938965,-10.861193656921387,-0.009466629475355148,179.92227172851562
22.113359451293945,-14.361190795898438,-0.009466629475355148,179.92227172851562
23.146595001220703,10.137432098388672,-0.00986576545983553,-0.077726349234581
23.141845703125,6.637434482574463,-0.00986576545983553,-0.077726349234581
23.13709831237793,3.137437343597412,-0.00986576545983553,-0.077726349234581
23.13235092163086,-0.36255943775177,-0.00986576545983553,-0.077726349234581
23.127601623535156,-3.8625564575195312,-0.00986576545983553,179.92227172851562
23.122854232788086,-7.362553119659424,-0.00986576545983553,179.92227172851562
23.118106842041016,-10.862550735473633,-0.00986576545983553,179.92227172851562
23.113357543945312,-14.362546920776367,-0.00986576545983553,179.92227172851562
24.146595001220703,10.136075019836426,-0.010264900512993336,-0.077726349234581
24.141845703125,6.636077880859375,-0.010264900512993336,-0.077726349234581
24.13709831237793,3.136080741882324,-0.010264900512993336,-0.077726349234581
24.13235092163086,-0.3639160394668579,-0.010264900512993336,-0.077726349234581
24.127601623535156,-3.863913059234619,-0.010264900512993336,179.92227172851562
24.122854232788086,-7.363909721374512,-0.010264900512993336,179.92227172851562
24.118106842041016,-10.863906860351562,-0.010264900512993336,179.92227172851562
24.113357543945312,-14.363903999328613,-0.010264900512993336,179.92227172851562
25.14659309387207,10.13471794128418,-0.010664036497473717,-0.077726349234581
25.141843795776367,6.634721279144287,-0.010664036497473717,-0.077726349234581
25.137096405029297,3.1347241401672363,-0.010664036497473717,-0.077726349234581
25.132349014282227,-0.3652726411819458,-0.010664036497473717,-0.077726349234581
25.127599716186523,-3.865269660949707,-0.010664036497473717,179.92227172851562
25.122852325439453,-7.3652663230896,-0.010664036497473717,179.92227172851562
25.118104934692383,-10.865262985229492,-0.010664036497473717,179.92227172851562
25.11335563659668,-14.36526107788086,-0.010664036497473717,179.92227172851562
26.14659309387207,10.13336181640625,-0.011063171550631523,-0.077726349234581
26.141843795776367,6.633364677429199,-0.011063171550631523,-0.077726349234581
26.137096405029297,3.1333675384521484,-0.011063171550631523,-0.077726349234581
26.132349014282227,-0.3666292428970337,-0.011063171550631523,-0.077726349234581
26.127599716186523,-3.866626262664795,-0.011063171550631523,179.92227172851562
26.122852325439453,-7.3666229248046875,-0.011063171550631523,179.92227172851562
26.118104934692383,-10.866620063781738,-0.011063171550631523,179.92227172851562
26.11335563659668,-14.366617202758789,-0.011063171550631523,179.92227172851562
27.146591186523438,10.13200569152832,-0.011462307535111904,-0.077726349234581
27.141841888427734,6.6320085525512695,-0.011462307535111904,-0.077726349234581
27.137094497680664,3.1320111751556396,-0.011462307535111904,-0.077726349234581
27.132347106933594,-0.3679856061935425,-0.011462307535111904,-0.077726349234581
27.12759780883789,-3.8679823875427246,-0.011462307535111904,179.92227172851562
27.12285041809082,-7.367979049682617,-0.011462307535111904,179.92227172851562
27.11810302734375,-10.867976188659668,-0.011462307535111904,179.92227172851562
27.113353729248047,-14.367973327636719,-0.011462307535111904,179.92227172851562
28.146591186523438,10.130648612976074,-0.01186144258826971,-0.077726349234581
28.141841888427734,6.630651473999023,-0.01186144258826971,-0.077726349234581
28.137094497680664,3.1306545734405518,-0.01186144258826971,-0.077726349234581
28.132347106933594,-0.36934220790863037,-0.01186144258826971,-0.077726349234581
28.12759780883789,-3.8693389892578125,-0.01186144258826971,179.92227172851562
28.12285041809082,-7.369336128234863,-0.01186144258826971,179.92227172851562
28.11810302734375,-10.869333267211914,-0.01186144258826971,179.92227172851562
28.113353729248047,-14.369330406188965,-0.01186144258826971,179.92227172851562
29.146591186523438,10.129292488098145,-0.012260578572750092,-0.077726349234581
29.141841888427734,6.629295349121094,-0.012260578572750092,-0.077726349234581
29.137094497680664,3.129297971725464,-0.012260578572750092,-0.077726349234581
29.132347106933594,-0.37069880962371826,-0.012260578572750092,-0.077726349234581
29.12759780883789,-3.8706955909729004,-0.012260578572750092,179.92227172851562
29.12285041809082,-7.370692253112793,-0.012260578572750092,179.92227172851562
29.11810302734375,-10.870689392089844,-0.012260578572750092,179.92227172851562
29.113353729248047,-14.370686531066895,-0.012260578572750092,179.92227172851562
30.146589279174805,10.127935409545898,-0.012659713625907898,-0.077726349234581
30.1418399810791,6.627938270568848,-0.012659713625907898,-0.077726349234581
30.13709259033203,3.127941370010376,-0.012659713625907898,-0.077726349234581
30.13234519958496,-0.37205541133880615,-0.012659713625907898,-0.077726349234581
30.127595901489258,-3.8720521926879883,-0.012659713625907898,179.92227172851562
30.122848510742188,-7.372049331665039,-0.012659713625907898,179.92227172851562
30.118101119995117,-10.87204647064209,-0.012659713625907898,179.92227172851562
30.113351821899414,-14.37204360961914,-0.012659713625907898,179.92227172851562
31.146589279174805,10.126579284667969,-0.013058849610388279,-0.077726349234581
31.1418399810791,6.626582145690918,-0.013058849610388279,-0.077726349234581
31.13709259033203,3.126584768295288,-0.013058849610388279,-0.077726349234581
31.13234519958496,-0.37341201305389404,-0.013058849610388279,-0.077726349234581
31.127595901489258,-3.873408794403076,-0.013058849610388279,179.92227172851562
31.122848510742188,-7.373405456542969,-0.013058849610388279,179.92227172851562
31.118101119995117,-10.87340259552002,-0.013058849610388279,179.92227172851562
31.113351821899414,-14.37339973449707,-0.013058849610388279,179.92227172851562
32.14658737182617,10.125222206115723,-0.013457984663546085,-0.077726349234581
32.141841888427734,6.625225067138672,-0.013457984663546085,-0.077726349234581
32.13709259033203,3.1252281665802,-0.013457984663546085,-0.077726349234581
32.13234329223633,-0.37476861476898193,-0.013457984663546085,-0.077726349234581
32.12759780883789,-3.874765396118164,-0.013457984663546085,179.92227172851562
32.12284851074219,-7.374762535095215,-0.013457984663546085,179.92227172851562
32.118099212646484,-10.874759674072266,-0.013457984663546085,179.92227172851562
32.11335372924805,-14.374756813049316,-0.013457984663546085,179.92227172851562
33.14658737182617,10.123866081237793,-0.013857120648026466,-0.077726349234581
33.141841888427734,6.623868942260742,-0.013857120648026466,-0.077726349234581
33.13709259033203,3.1238715648651123,-0.013857120648026466,-0.077726349234581
33.13234329223633,-0.3761252164840698,-0.013857120648026466,-0.077726349234581
33.12759780883789,-3.876121997833252,-0.013857120648026466,179.92227172851562
33.12284851074219,-7.3761186599731445,-0.013857120648026466,179.92227172851562
33.118099212646484,-10.876115798950195,-0.013857120648026466,179.92227172851562
33.11335372924805,-14.376112937927246,-0.013857120648026466,179.92227172851562
34.14658737182617,10.122509002685547,-0.014256255701184273,-0.077726349234581
34.141841888427734,6.622511863708496,-0.014256255701184273,-0.077726349234581
34.13709259033203,3.1225149631500244,-0.014256255701184273,-0.077726349234581
34.13234329223633,-0.3774818181991577,-0.014256255701184273,-0.077726349234581
34.12759780883789,-3.87747859954834,-0.014256255701184273,179.92227172851562
34.12284851074219,-7.377475738525391,-0.014256255701184273,179.92227172851562
34.118099212646484,-10.877472877502441,-0.014256255701184273,179.92227172851562
34.11335372924805,-14.377470016479492,-0.014256255701184273,179.92227172851562
35.146583557128906,10.121152877807617,-0.014655391685664654,-0.077726349234581
35.14183807373047,6.621155738830566,-0.014655391685664654,-0.077726349234581
35.137088775634766,3.1211583614349365,-0.014655391685664654,-0.077726349234581
35.13233947753906,-0.3788384199142456,-0.014655391685664654,-0.077726349234581
35.127593994140625,-3.8788352012634277,-0.014655391685664654,179.92227172851562
35.12284469604492,-7.37883186340332,-0.014655391685664654,179.92227172851562
35.11809539794922,-10.878829002380371,-0.014655391685664654,179.92227172851562
35.11334991455078,-14.378826141357422,-0.014655391685664654,179.92227172851562
36.146583557128906,10.119795799255371,-0.01505452673882246,-0.077726349234581
36.14183807373047,6.61979866027832,-0.01505452673882246,-0.077726349234581
36.137088775634766,3.1198017597198486,-0.01505452673882246,-0.077726349234581
36.13233947753906,-0.3801950216293335,-0.01505452673882246,-0.077726349234581
36.127593994140625,-3.8801918029785156,-0.01505452673882246,179.92227172851562
36.12284469604492,-7.380188941955566,-0.01505452673882246,179.92227172851562
36.11809539794922,-10.880186080932617,-0.01505452673882246,179.92227172851562
36.11334991455078,-14.380183219909668,-0.01505452673882246,179.92227172851562
37.146583557128906,10.118439674377441,-0.015453662723302841,-0.077726349234581
37.14183807373047,6.618442535400391,-0.015453662723302841,-0.077726349234581
37.137088775634766,3.1184451580047607,-0.015453662723302841,-0.077726349234581
37.13233947753906,-0.3815516233444214,-0.015453662723302841,-0.077726349234581
37.127593994140625,-3.8815484046936035,-0.015453662723302841,179.92227172851562
37.12284469604492,-7.381545066833496,-0.015453662723302841,179.92227172851562
37.11809539794922,-10.881542205810547,-0.015453662723302841,179.92227172851562
37.11334991455078,-14.381539344787598,-0.015453662723302841,179.92227172851562
38.146583557128906,10.117082595825195,-0.015852797776460648,-0.077726349234581
38.14183807373047,6.617085933685303,-0.015852797776460648,-0.077726349234581
38.137088775634766,3.117088794708252,-0.015852797776460648,-0.077726349234581
38.13233947753906,-0.3829079866409302,-0.015852797776460648,-0.077726349234581
38.127593994140625,-3.8829050064086914,-0.015852797776460648,179.92227172851562
38.12284469604492,-7.382901668548584,-0.015852797776460648,179.92227172851562
38.11809539794922,-10.882898330688477,-0.015852797776460648,179.92227172851562
38.11334991455078,-14.382896423339844,-0.015852797776460648,179.92227172851562
39.14657974243164,10.115726470947266,-0.016251932829618454,-0.077726349234581
39.1418342590332,6.615729331970215,-0.016251932829618454,-0.077726349234581
39.1370849609375,3.115732192993164,-0.016251932829618454,-0.077726349234581
39.1323356628418,-0.38426458835601807,-0.016251932829618454,-0.077726349234581
39.12759017944336,-3.8842616081237793,-0.016251932829618454,179.92227172851562
39.122840881347656,-7.384258270263672,-0.016251932829618454,179.92227172851562
39.11809158325195,-10.884255409240723,-0.016251932829618454,179.92227172851562
39.113346099853516,-14.384252548217773,-0.016251932829618454,179.92227172851562
40.14657974243164,10.114370346069336,-0.01665106974542141,-0.077726349234581
40.1418342590332,6.614372730255127,-0.01665106974542141,-0.077726349234581
40.1370849609375,3.114375591278076,-0.01665106974542141,-0.077726349234581
40.1323356628418,-0.38562119007110596,-0.01665106974542141,-0.077726349234581
40.12759017944336,-3.885618209838867,-0.01665106974542141,179.92227172851562
40.122840881347656,-7.38561487197876,-0.01665106974542141,179.92227172851562
40.11809158325195,-10.885612487792969,-0.01665106974542141,179.92227172851562
40.113346099853516,-14.385608673095703,-0.01665106974542141,179.92227172851562
41.14657974243164,10.11301326751709,-0.017050204798579216,-0.077726349234581
41.1418342590332,6.613016128540039,-0.017050204798579216,-0.077726349234581
41.1370849609375,3.1130189895629883,-0.017050204798579216,-0.077726349234581
41.1323356628418,-0.38697779178619385,-0.017050204798579216,-0.077726349234581
41.12759017944336,-3.886974811553955,-0.017050204798579216,179.92227172851562
41.122840881347656,-7.386971473693848,-0.017050204798579216,179.92227172851562
41.11809158325195,-10.886968612670898,-0.017050204798579216,179.92227172851562
41.113346099853516,-14.38696575164795,-0.017050204798579216,179.92227172851562
42.14657974243164,10.111656188964844,-0.017449339851737022,-0.077726349234581
42.1418342590332,6.611659526824951,-0.017449339851737022,-0.077726349234581
42.1370849609375,3.1116623878479004,-0.017449339851737022,-0.077726349234581
42.1323356628418,-0.38833439350128174,-0.017449339851737022,-0.077726349234581
42.12759017944336,-3.888331413269043,-0.017449339851737022,179.92227172851562
42.122840881347656,-7.3883280754089355,-0.017449339851737022,179.92227172851562
42.11809158325195,-10.888324737548828,-0.017449339851737022,179.92227172851562
42.113346099853516,-14.388322830200195,-0.017449339851737022,179.92227172851562
43.146575927734375,10.110300064086914,-0.01784847490489483,-0.077726349234581
43.14183044433594,6.610302925109863,-0.01784847490489483,-0.077726349234581
43.137081146240234,3.1103057861328125,-0.01784847490489483,-0.077726349234581
43.13233184814453,-0.38969099521636963,-0.01784847490489483,-0.077726349234581
43.127586364746094,-3.889688014984131,-0.01784847490489483,179.92227172851562
43.12283706665039,-7.389684677124023,-0.01784847490489483,179.92227172851562
43.11808776855469,-10.889681816101074,-0.01784847490489483,179.92227172851562
43.11334228515625,-14.389678955078125,-0.01784847490489483,179.92227172851562
44.146575927734375,10.108943939208984,-0.018247611820697784,-0.077726349234581
44.14183044433594,6.608946323394775,-0.018247611820697784,-0.077726349234581
44.137081146240234,3.1089491844177246,-0.018247611820697784,-0.077726349234581
44.13233184814453,-0.3910475969314575,-0.018247611820697784,-0.077726349234581
44.127586364746094,-3.8910446166992188,-0.018247611820697784,179.92227172851562
44.12283706665039,-7.391041278839111,-0.018247611820697784,179.92227172851562
44.11808776855469,-10.89103889465332,-0.018247611820697784,179.92227172851562
44.11334228515625,-14.391035079956055,-0.018247611820697784,179.92227172851562
45.146575927734375,10.107586860656738,-0.01864674687385559,-0.077726349234581
45.14183044433594,6.6075897216796875,-0.01864674687385559,-0.077726349234581
45.137081146240234,3.1075925827026367,-0.01864674687385559,-0.077726349234581
45.13233184814453,-0.3924041986465454,-0.01864674687385559,-0.077726349234581
45.127586364746094,-3.8924012184143066,-0.01864674687385559,179.92227172851562
45.12283706665039,-7.392397880554199,-0.01864674687385559,179.92227172851562
45.11808776855469,-10.89239501953125,-0.01864674687385559,179.92227172851562
45.11334228515625,-14.3923921585083,-0.01864674687385559,179.92227172851562
46.146575927734375,10.106229782104492,-0.019045881927013397,-0.077726349234581
46.14183044433594,6.6062331199646,-0.019045881927013397,-0.077726349234581
46.137081146240234,3.106235980987549,-0.019045881927013397,-0.077726349234581
46.13233184814453,-0.3937608003616333,-0.019045881927013397,-0.077726349234581
46.127586364746094,-3.8937578201293945,-0.019045881927013397,179.92227172851562
46.12283706665039,-7.393754482269287,-0.019045881927013397,179.92227172851562
46.11808776855469,-10.89375114440918,-0.019045881927013397,179.92227172851562
46.11334228515625,-14.393749237060547,-0.019045881927013397,179.92227172851562
47.14657211303711,10.104873657226562,-0.019445018842816353,-0.077726349234581
47.14182662963867,6.604876518249512,-0.019445018842816353,-0.077726349234581
47.13707733154297,3.104879379272461,-0.019445018842816353,-0.077726349234581
47.132328033447266,-0.3951174020767212,-0.019445018842816353,-0.077726349234581
47.12758255004883,-3.8951144218444824,-0.019445018842816353,179.92227172851562
47.122833251953125,-7.395111083984375,-0.019445018842816353,179.92227172851562
47.11808395385742,-10.895108222961426,-0.019445018842816353,179.92227172851562
47.113338470458984,-14.395105361938477,-0.019445018842816353,179.92227172851562
48.14657211303711,10.103517532348633,-0.01984415389597416,-0.077726349234581
48.14182662963867,6.603519916534424,-0.01984415389597416,-0.077726349234581
48.13707733154297,3.103522777557373,-0.01984415389597416,-0.077726349234581
48.132328033447266,-0.3964740037918091,-0.01984415389597416,-0.077726349234581
48.12758255004883,-3.8964710235595703,-0.01984415389597416,179.92227172851562
48.122833251953125,-7.396467685699463,-0.01984415389597416,179.92227172851562
48.11808395385742,-10.896465301513672,-0.01984415389597416,179.92227172851562
48.113338470458984,-14.396461486816406,-0.01984415389597416,179.92227172851562
49.14657211303711,10.102160453796387,-0.020243288949131966,-0.077726349234581
49.14182662963867,6.602163314819336,-0.020243288949131966,-0.077726349234581
49.13707733154297,3.102166175842285,-0.020243288949131966,-0.077726349234581
49.132328033447266,-0.397830605506897,-0.020243288949131966,-0.077726349234581
49.12758255004883,-3.897827625274658,-0.020243288949131966,179.92227172851562
49.122833251953125,-7.397824287414551,-0.020243288949131966,179.92227172851562
49.11808395385742,-10.897821426391602,-0.020243288949131966,179.92227172851562
49.113338470458984,-14.397818565368652,-0.020243288949131966,179.92227172851562
50.14657211303711,10.100804328918457,-0.020642424002289772,-0.077726349234581
50.14182662963867,6.600807189941406,-0.020642424002289772,-0.077726349234581
50.13707733154297,3.1008098125457764,-0.020642424002289772,-0.077726349234581
50.132328033447266,-0.39918696880340576,-0.020642424002289772,-0.077726349234581
50.12758255004883,-3.899183750152588,-0.020642424002289772,179.92227172851562
50.122833251953125,-7.3991804122924805,-0.020642424002289772,179.92227172851562
50.11808395385742,-10.899177551269531,-0.020642424002289772,179.92227172851562
50.113338470458984,-14.399174690246582,-0.020642424002289772,179.92227172851562
51.146568298339844,10.099447250366211,-0.021041560918092728,-0.077726349234581
51.141822814941406,6.59945011138916,-0.021041560918092728,-0.077726349234581
51.1370735168457,3.0994532108306885,-0.021041560918092728,-0.077726349234581
51.13232421875,-0.40054357051849365,-0.021041560918092728,-0.077726349234581
51.12757873535156,-3.900540351867676,-0.021041560918092728,179.92227172851562
51.12282943725586,-7.400537490844727,-0.021041560918092728,179.92227172851562
51.118080139160156,-10.900534629821777,-0.021041560918092728,179.92227172851562
51.11333465576172,-14.400531768798828,-0.021041560918092728,179.92227172851562
52.146568298339844,10.098091125488281,-0.021440695971250534,-0.077726349234581
52.141822814941406,6.5980939865112305,-0.021440695971250534,-0.077726349234581
52.1370735168457,3.0980966091156006,-0.021440695971250534,-0.077726349234581
52.13232421875,-0.40190017223358154,-0.021440695971250534,-0.077726349234581
52.12757873535156,-3.9018969535827637,-0.021440695971250534,179.92227172851562
52.12282943725586,-7.401893615722656,-0.021440695971250534,179.92227172851562
52.118080139160156,-10.901890754699707,-0.021440695971250534,179.92227172851562
52.11333465576172,-14.401887893676758,-0.021440695971250534,179.92227172851562
53.146568298339844,10.096734046936035,-0.02183983102440834,-0.077726349234581
53.141822814941406,6.596736907958984,-0.02183983102440834,-0.077726349234581
53.1370735168457,3.0967400074005127,-0.02183983102440834,-0.077726349234581
53.13232421875,-0.40325677394866943,-0.02183983102440834,-0.077726349234581
53.12757873535156,-3.9032535552978516,-0.02183983102440834,179.92227172851562
53.12282943725586,-7.403250694274902,-0.02183983102440834,179.92227172851562
53.118080139160156,-10.903247833251953,-0.02183983102440834,179.92227172851562
53.11333465576172,-14.403244972229004,-0.02183983102440834,179.92227172851562
54.146568298339844,10.095377922058105,-0.022238966077566147,-0.077726349234581
54.141822814941406,6.595380783081055,-0.022238966077566147,-0.077726349234581
54.1370735168457,3.095383405685425,-0.022238966077566147,-0.077726349234581
54.13232421875,-0.4046133756637573,-0.022238966077566147,-0.077726349234581
54.12757873535156,-3.9046101570129395,-0.022238966077566147,179.92227172851562
54.12282943725586,-7.404606819152832,-0.022238966077566147,179.92227172851562
54.118080139160156,-10.904603958129883,-0.022238966077566147,179.92227172851562
54.11333465576172,-14.404601097106934,-0.022238966077566147,179.92227172851562
55.14656448364258,10.09402084350586,-0.022638102993369102,-0.077726349234581
55.14181900024414,6.594023704528809,-0.022638102993369102,-0.077726349234581
55.13706970214844,3.094026803970337,-0.022638102993369102,-0.077726349234581
55.132320404052734,-0.4059699773788452,-0.022638102993369102,-0.077726349234581
55.1275749206543,-3.9059667587280273,-0.022638102993369102,179.92227172851562
55.122825622558594,-7.405963897705078,-0.022638102993369102,179.92227172851562
55.11807632446289,-10.905961036682129,-0.022638102993369102,179.92227172851562
55.11333084106445,-14.40595817565918,-0.022638102993369102,179.92227172851562
56.14656448364258,10.09266471862793,-0.02303723804652691,-0.077726349234581
56.14181900024414,6.592667579650879,-0.02303723804652691,-0.077726349234581
56.13706970214844,3.092670202255249,-0.02303723804652691,-0.077726349234581
56.132320404052734,-0.4073265790939331,-0.02303723804652691,-0.077726349234581
56.1275749206543,-3.9073233604431152,-0.02303723804652691,179.92227172851562
56.122825622558594,-7.407320022583008,-0.02303723804652691,179.92227172851562
56.11807632446289,-10.907317161560059,-0.02303723804652691,179.92227172851562
56.11333084106445,-14.40731430053711,-0.02303723804652691,179.92227172851562
57.14656448364258,10.091307640075684,-0.023436373099684715,-0.077726349234581
57.14181900024414,6.591310501098633,-0.023436373099684715,-0.077726349234581
57.13706970214844,3.091313600540161,-0.023436373099684715,-0.077726349234581
57.132320404052734,-0.408683180809021,-0.023436373099684715,-0.077726349234581
57.1275749206543,-3.908679962158203,-0.023436373099684715,179.92227172851562
57.122825622558594,-7.408677101135254,-0.023436373099684715,179.92227172851562
57.11807632446289,-10.908674240112305,-0.023436373099684715,179.92227172851562
57.11333084106445,-14.408671379089355,-0.023436373099684715,179.92227172851562
58.14656448364258,10.089951515197754,-0.02383550815284252,-0.077726349234581
58.14181900024414,6.589954376220703,-0.02383550815284252,-0.077726349234581
58.13706970214844,3.0899569988250732,-0.02383550815284252,-0.077726349234581
58.132320404052734,-0.4100397825241089,-0.02383550815284252,-0.077726349234581
58.1275749206543,-3.910036563873291,-0.02383550815284252,179.92227172851562
58.122825622558594,-7.410033226013184,-0.02383550815284252,179.92227172851562
58.11807632446289,-10.910030364990234,-0.02383550815284252,179.92227172851562
58.11333084106445,-14.410027503967285,-0.02383550815284252,179.92227172851562
59.14656448364258,10.088594436645508,-0.024234645068645477,-0.077726349234581
59.14181900024414,6.588597297668457,-0.024234645068645477,-0.077726349234581
59.13706970214844,3.0886003971099854,-0.024234645068645477,-0.077726349234581
59.132320404052734,-0.4113963842391968,-0.024234645068645477,-0.077726349234581
59.1275749206543,-3.911393165588379,-0.024234645068645477,179.92227172851562
59.122825622558594,-7.41139030456543,-0.024234645068645477,179.92227172851562
59.11807632446289,-10.91138744354248,-0.024234645068645477,179.92227172851562
59.11333084106445,-14.411384582519531,-0.024234645068645477,179.92227172851562
60.14656066894531,10.087238311767578,-0.024633780121803284,-0.077726349234581
60.141815185546875,6.587241172790527,-0.024633780121803284,-0.077726349234581
60.13706588745117,3.0872437953948975,-0.024633780121803284,-0.077726349234581
60.13231658935547,-0.41275298595428467,-0.024633780121803284,-0.077726349234581
60.12757110595703,-3.912749767303467,-0.024633780121803284,179.92227172851562
60.12282180786133,-7.412746429443359,-0.024633780121803284,179.92227172851562
60.118072509765625,-10.91274356842041,-0.024633780121803284,179.92227172851562
60.11332702636719,-14.412740707397461,-0.024633780121803284,179.92227172851562
61.14656066894531,10.085882186889648,-0.02503291517496109,-0.077726349234581
61.141815185546875,6.5858845710754395,-0.02503291517496109,-0.077726349234581
61.13706588745117,3.0858874320983887,-0.02503291517496109,-0.077726349234581
61.13231658935547,-0.41410934925079346,-0.02503291517496109,-0.077726349234581
61.12757110595703,-3.9141063690185547,-0.02503291517496109,179.92227172851562
61.12282180786133,-7.414103031158447,-0.02503291517496109,179.92227172851562
61.118072509765625,-10.914100646972656,-0.02503291517496109,179.92227172851562
61.11332702636719,-14.41409683227539,-0.02503291517496109,179.92227172851562
62.14656066894531,10.084525108337402,-0.025432050228118896,-0.077726349234581
62.141815185546875,6.584527969360352,-0.025432050228118896,-0.077726349234581
62.13706588745117,3.084530830383301,-0.025432050228118896,-0.077726349234581
62.13231658935547,-0.41546595096588135,-0.025432050228118896,-0.077726349234581
62.12757110595703,-3.9154629707336426,-0.025432050228118896,179.92227172851562
62.12282180786133,-7.415459632873535,-0.025432050228118896,179.92227172851562
62.118072509765625,-10.915456771850586,-0.025432050228118896,179.92227172851562
62.11332702636719,-14.415453910827637,-0.025432050228118896,179.92227172851562
63.14656066894531,10.083168029785156,-0.025831187143921852,-0.077726349234581
63.141815185546875,6.583171367645264,-0.025831187143921852,-0.077726349234581
63.13706588745117,3.083174228668213,-0.025831187143921852,-0.077726349234581
63.13231658935547,-0.41682255268096924,-0.025831187143921852,-0.077726349234581
63.12757110595703,-3.9168195724487305,-0.025831187143921852,179.92227172851562
63.12282180786133,-7.416816234588623,-0.025831187143921852,179.92227172851562
63.118072509765625,-10.916812896728516,-0.025831187143921852,179.92227172851562
63.11332702636719,-14.416810989379883,-0.025831187143921852,179.92227172851562
64.14655303955078,10.081811904907227,-0.02623032219707966,-0.077726349234581
64.14180755615234,6.581814765930176,-0.02623032219707966,-0.077726349234581
64.1370620727539,3.081817626953125,-0.02623032219707966,-0.077726349234581
64.13230895996094,-0.41817915439605713,-0.02623032219707966,-0.077726349234581
64.1275634765625,-3.9181761741638184,-0.02623032219707966,179.92227172851562
64.12281036376953,-7.418172836303711,-0.02623032219707966,179.92227172851562
64.1180648803711,-10.918169975280762,-0.02623032219707966,179.92227172851562
64.11331939697266,-14.418167114257812,-0.02623032219707966,179.92227172851562
65.14655303955078,10.080455780029297,-0.026629457250237465,-0.077726349234581
65.14180755615234,6.580458164215088,-0.026629457250237465,-0.077726349234581
65.1370620727539,3.080461025238037,-0.026629457250237465,-0.077726349234581
65.13230895996094,-0.419535756111145,-0.026629457250237465,-0.077726349234581
65.1275634765625,-3.9195327758789062,-0.026629457250237465,179.92227172851562
65.12281036376953,-7.419529438018799,-0.026629457250237465,179.92227172851562
65.1180648803711,-10.919527053833008,-0.026629457250237465,179.92227172851562
65.11331939697266,-14.419523239135742,-0.026629457250237465,179.92227172851562
66.14655303955078,10.07909870147705,-0.02702859230339527,-0.077726349234581
66.14180755615234,6.5791015625,-0.02702859230339527,-0.077726349234581
66.1370620727539,3.079104423522949,-0.02702859230339527,-0.077726349234581
66.13230895996094,-0.4208923578262329,-0.02702859230339527,-0.077726349234581
66.1275634765625,-3.920889377593994,-0.02702859230339527,179.92227172851562
66.12281036376953,-7.420886039733887,-0.02702859230339527,179.92227172851562
66.1180648803711,-10.920883178710938,-0.02702859230339527,179.92227172851562
66.11331939697266,-14.420880317687988,-0.02702859230339527,179.92227172851562
67.14655303955078,10.077741622924805,-0.027427729219198227,-0.077726349234581
67.14180755615234,6.577744960784912,-0.027427729219198227,-0.077726349234581
67.1370620727539,3.0777478218078613,-0.027427729219198227,-0.077726349234581
67.13230895996094,-0.4222489595413208,-0.027427729219198227,-0.077726349234581
67.1275634765625,-3.922245979309082,-0.027427729219198227,179.92227172851562
67.12281036376953,-7.422242641448975,-0.027427729219198227,179.92227172851562
67.1180648803711,-10.922239303588867,-0.027427729219198227,179.92227172851562
67.11331939697266,-14.422237396240234,-0.027427729219198227,179.92227172851562
68.14655303955078,10.076385498046875,-0.027826864272356033,-0.077726349234581
68.14180755615234,6.576388359069824,-0.027826864272356033,-0.077726349234581
68.1370620727539,3.0763912200927734,-0.027826864272356033,-0.077726349234581
68.13230895996094,-0.4236055612564087,-0.027826864272356033,-0.077726349234581
68.1275634765625,-3.92360258102417,-0.027826864272356033,179.92227172851562
68.12281036376953,-7.4235992431640625,-0.027826864272356033,179.92227172851562
68.1180648803711,-10.923596382141113,-0.027826864272356033,179.92227172851562
68.11331939697266,-14.423593521118164,-0.027826864272356033,179.92227172851562
69.14655303955078,10.075029373168945,-0.02822599932551384,-0.077726349234581
69.14180755615234,6.575031757354736,-0.02822599932551384,-0.077726349234581
69.1370620727539,3.0750346183776855,-0.02822599932551384,-0.077726349234581
69.13230895996094,-0.4249621629714966,-0.02822599932551384,-0.077726349234581
69.1275634765625,-3.924959182739258,-0.02822599932551384,179.92227172851562
69.12281036376953,-7.42495584487915,-0.02822599932551384,179.92227172851562
69.1180648803711,-10.92495346069336,-0.02822599932551384,179.92227172851562
69.11331939697266,-14.424949645996094,-0.02822599932551384,179.92227172851562
70.14654541015625,10.0736722946167,-0.028625136241316795,-0.077726349234581
70.14179992675781,6.573675155639648,-0.028625136241316795,-0.077726349234581
70.13705444335938,3.0736780166625977,-0.028625136241316795,-0.077726349234581
70.1323013305664,-0.4263187646865845,-0.028625136241316795,-0.077726349234581
70.12755584716797,-3.9263157844543457,-0.028625136241316795,179.92227172851562
70.122802734375,-7.426312446594238,-0.028625136241316795,179.92227172851562
70.11805725097656,-10.926309585571289,-0.028625136241316795,179.92227172851562
70.11331176757812,-14.42630672454834,-0.028625136241316795,179.92227172851562
71.14654541015625,10.072315216064453,-0.029024271294474602,-0.077726349234581
71.14179992675781,6.5723185539245605,-0.029024271294474602,-0.077726349234581
71.13705444335938,3.0723214149475098,-0.029024271294474602,-0.077726349234581
71.1323013305664,-0.42767536640167236,-0.029024271294474602,-0.077726349234581
71.12755584716797,-3.9276723861694336,-0.029024271294474602,179.92227172851562
71.122802734375,-7.427669048309326,-0.029024271294474602,179.92227172851562
71.11805725097656,-10.927665710449219,-0.029024271294474602,179.92227172851562
71.11331176757812,-14.427663803100586,-0.029024271294474602,179.92227172851562
72.14654541015625,10.070959091186523,-0.029423406347632408,-0.077726349234581
72.14179992675781,6.570961952209473,-0.029423406347632408,-0.077726349234581
72.13705444335938,3.070965051651001,-0.029423406347632408,-0.077726349234581
72.1323013305664,-0.42903172969818115,-0.029423406347632408,-0.077726349234581
72.12755584716797,-3.9290285110473633,-0.029423406347632408,179.92227172851562
72.122802734375,-7.429025650024414,-0.029423406347632408,179.92227172851562
72.11805725097656,-10.929022789001465,-0.029423406347632408,179.92227172851562
72.11331176757812,-14.429019927978516,-0.029423406347632408,179.92227172851562
73.14654541015625,10.069602966308594,-0.029822541400790215,-0.077726349234581
73.14179992675781,6.569605827331543,-0.029822541400790215,-0.077726349234581
73.13705444335938,3.069608449935913,-0.029822541400790215,-0.077726349234581
73.1323013305664,-0.43038833141326904,-0.029822541400790215,-0.077726349234581
73.12755584716797,-3.930385112762451,-0.029822541400790215,179.92227172851562
73.122802734375,-7.430381774902344,-0.029822541400790215,179.92227172851562
73.11805725097656,-10.930378913879395,-0.029822541400790215,179.92227172851562
73.11331176757812,-14.430376052856445,-0.029822541400790215,179.92227172851562
74.14654541015625,10.068245887756348,-0.03022167831659317,-0.077726349234581
74.14179992675781,6.568248748779297,-0.03022167831659317,-0.077726349234581
74.13705444335938,3.068251848220825,-0.03022167831659317,-0.077726349234581
74.1323013305664,-0.43174493312835693,-0.03022167831659317,-0.077726349234581
74.12755584716797,-3.931741714477539,-0.03022167831659317,179.92227172851562
74.122802734375,-7.43173885345459,-0.03022167831659317,179.92227172851562
74.11805725097656,-10.93173599243164,-0.03022167831659317,179.92227172851562
74.11331176757812,-14.431733131408691,-0.03022167831659317,179.92227172851562
75.14654541015625,10.066889762878418,-0.030620813369750977,-0.077726349234581
75.14179992675781,6.566892623901367,-0.030620813369750977,-0.077726349234581
75.13705444335938,3.0668952465057373,-0.030620813369750977,-0.077726349234581
75.1323013305664,-0.4331015348434448,-0.030620813369750977,-0.077726349234581
75.12755584716797,-3.933098316192627,-0.030620813369750977,179.92227172851562
75.122802734375,-7.4330949783325195,-0.030620813369750977,179.92227172851562
75.11805725097656,-10.93309211730957,-0.030620813369750977,179.92227172851562
75.11331176757812,-14.433089256286621,-0.030620813369750977,179.92227172851562
76.14654541015625,10.065532684326172,-0.031019948422908783,-0.077726349234581
76.14179992675781,6.565535545349121,-0.031019948422908783,-0.077726349234581
76.13705444335938,3.0655386447906494,-0.031019948422908783,-0.077726349234581
76.1323013305664,-0.4344581365585327,-0.031019948422908783,-0.077726349234581
76.12755584716797,-3.934454917907715,-0.031019948422908783,179.92227172851562
76.122802734375,-7.434452056884766,-0.031019948422908783,179.92227172851562
76.11805725097656,-10.934449195861816,-0.031019948422908783,179.92227172851562
76.11331176757812,-14.434446334838867,-0.031019948422908783,179.92227172851562
77.14654541015625,10.064176559448242,-0.03141908347606659,-0.077726349234581
77.14179992675781,6.564179420471191,-0.03141908347606659,-0.077726349234581
77.13705444335938,3.0641820430755615,-0.03141908347606659,-0.077726349234581
77.1323013305664,-0.4358147382736206,-0.03141908347606659,-0.077726349234581
77.12755584716797,-3.9358115196228027,-0.03141908347606659,179.92227172851562
77.122802734375,-7.435808181762695,-0.03141908347606659,179.92227172851562
77.11805725097656,-10.935805320739746,-0.03141908347606659,179.92227172851562
77.11331176757812,-14.435802459716797,-0.03141908347606659,179.92227172851562
78.14653778076172,10.062819480895996,-0.031818218529224396,-0.077726349234581
78.14179229736328,6.562822341918945,-0.031818218529224396,-0.077726349234581
78.13704681396484,3.0628254413604736,-0.031818218529224396,-0.077726349234581
78.13229370117188,-0.4371713399887085,-0.031818218529224396,-0.077726349234581
78.12754821777344,-3.9371681213378906,-0.031818218529224396,179.92227172851562
78.12279510498047,-7.437165260314941,-0.031818218529224396,179.92227172851562
78.11804962158203,-10.937162399291992,-0.031818218529224396,179.92227172851562
78.1133041381836,-14.437159538269043,-0.031818218529224396,179.92227172851562
79.14653778076172,10.061463356018066,-0.0322173535823822,-0.077726349234581
79.14179229736328,6.561466217041016,-0.0322173535823822,-0.077726349234581
79.13704681396484,3.0614688396453857,-0.0322173535823822,-0.077726349234581
79.13229370117188,-0.4385279417037964,-0.0322173535823822,-0.077726349234581
79.12754821777344,-3.9385247230529785,-0.0322173535823822,179.92227172851562
79.12279510498047,-7.438521385192871,-0.0322173535823822,179.92227172851562
79.11804962158203,-10.938518524169922,-0.0322173535823822,179.92227172851562
79.1133041381836,-14.438515663146973,-0.0322173535823822,179.92227172851562
80.14653778076172,10.06010627746582,-0.03261649236083031,-0.077726349234581
80.14179229736328,6.5601091384887695,-0.03261649236083031,-0.077726349234581
80.13704681396484,3.060112237930298,-0.03261649236083031,-0.077726349234581
80.13229370117188,-0.4398845434188843,-0.03261649236083031,-0.077726349234581
80.12754821777344,-3.9398813247680664,-0.03261649236083031,179.92227172851562
80.12279510498047,-7.439878463745117,-0.03261649236083031,179.92227172851562
80.11804962158203,-10.939875602722168,-0.03261649236083031,179.92227172851562
80.1133041381836,-14.439872741699219,-0.03261649236083031,179.92227172851562
81.14653778076172,10.05875015258789,-0.03301562741398811,-0.077726349234581
81.14179229736328,6.55875301361084,-0.03301562741398811,-0.077726349234581
81.13704681396484,3.05875563621521,-0.03301562741398811,-0.077726349234581
81.13229370117188,-0.44124114513397217,-0.03301562741398811,-0.077726349234581
81.12754821777344,-3.9412379264831543,-0.03301562741398811,179.92227172851562
81.12279510498047,-7.441234588623047,-0.03301562741398811,179.92227172851562
81.11804962158203,-10.941231727600098,-0.03301562741398811,179.92227172851562
81.1133041381836,-14.441228866577148,-0.03301562741398811,179.92227172851562
82.14653778076172,10.057393074035645,-0.03341476246714592,-0.077726349234581
82.14179229736328,6.557395935058594,-0.03341476246714592,-0.077726349234581
82.13704681396484,3.057399034500122,-0.03341476246714592,-0.077726349234581
82.13229370117188,-0.44259774684906006,-0.03341476246714592,-0.077726349234581
82.12754821777344,-3.942594528198242,-0.03341476246714592,179.92227172851562
82.12279510498047,-7.442591667175293,-0.03341476246714592,179.92227172851562
82.11804962158203,-10.942588806152344,-0.03341476246714592,179.92227172851562
82.1133041381836,-14.442585945129395,-0.03341476246714592,179.92227172851562
83.14653778076172,10.056036949157715,-0.033813897520303726,-0.077726349234581
83.14179229736328,6.556039810180664,-0.033813897520303726,-0.077726349234581
83.13704681396484,3.0560426712036133,-0.033813897520303726,-0.077726349234581
83.13229370117188,-0.44395411014556885,-0.033813897520303726,-0.077726349234581
83.12754821777344,-3.94395112991333,-0.033813897520303726,179.92227172851562
83.12279510498047,-7.443947792053223,-0.033813897520303726,179.92227172851562
83.11804962158203,-10.943944931030273,-0.033813897520303726,179.92227172851562
83.1133041381836,-14.443942070007324,-0.033813897520303726,179.92227172851562
84.14653778076172,10.054679870605469,-0.03421303257346153,-0.077726349234581
84.14179229736328,6.554683208465576,-0.03421303257346153,-0.077726349234581
84.13704681396484,3.0546860694885254,-0.03421303257346153,-0.077726349234581
84.13229370117188,-0.44531071186065674,-0.03421303257346153,-0.077726349234581
84.12754821777344,-3.945307731628418,-0.03421303257346153,179.92227172851562
84.12279510498047,-7.4453043937683105,-0.03421303257346153,179.92227172851562
84.11804962158203,-10.945301055908203,-0.03421303257346153,179.92227172851562
84.1133041381836,-14.44529914855957,-0.03421303257346153,179.92227172851562
85.14653778076172,10.053323745727539,-0.03461216762661934,-0.077726349234581
85.14179229736328,6.553326606750488,-0.03461216762661934,-0.077726349234581
85.13704681396484,3.0533294677734375,-0.03461216762661934,-0.077726349234581
85.13229370117188,-0.44666731357574463,-0.03461216762661934,-0.077726349234581
85.12754821777344,-3.946664333343506,-0.03461216762661934,179.92227172851562
85.12279510498047,-7.446660995483398,-0.03461216762661934,179.92227172851562
85.11804962158203,-10.94665813446045,-0.03461216762661934,179.92227172851562
85.1133041381836,-14.4466552734375,-0.03461216762661934,179.92227172851562
86.14653778076172,10.05196762084961,-0.035011302679777145,-0.077726349234581
86.14179229736328,6.5519700050354,-0.035011302679777145,-0.077726349234581
86.13704681396484,3.0519728660583496,-0.035011302679777145,-0.077726349234581
86.13229370117188,-0.4480239152908325,-0.035011302679777145,-0.077726349234581
86.12754821777344,-3.9480209350585938,-0.035011302679777145,179.92227172851562
86.12279510498047,-7.448017597198486,-0.035011302679777145,179.92227172851562
86.11804962158203,-10.948015213012695,-0.035011302679777145,179.92227172851562
86.1133041381836,-14.44801139831543,-0.035011302679777145,179.92227172851562
87.14653015136719,10.050610542297363,-0.03541043773293495,-0.077726349234581
87.14178466796875,6.5506134033203125,-0.03541043773293495,-0.077726349234581
87.13703918457031,3.0506162643432617,-0.03541043773293495,-0.077726349234581
87.13228607177734,-0.4493805170059204,-0.03541043773293495,-0.077726349234581
87.1275405883789,-3.9493775367736816,-0.03541043773293495,179.92227172851562
87.12278747558594,-7.449374198913574,-0.03541043773293495,179.92227172851562
87.1180419921875,-10.949371337890625,-0.03541043773293495,179.92227172851562
87.11329650878906,-14.449368476867676,-0.03541043773293495,179.92227172851562
88.14653015136719,10.049253463745117,-0.03580957651138306,-0.077726349234581
88.14178466796875,6.549256801605225,-0.03580957651138306,-0.077726349234581
88.13703918457031,3.049259662628174,-0.03580957651138306,-0.077726349234581
88.13228607177734,-0.4507371187210083,-0.03580957651138306,-0.077726349234581
88.1275405883789,-3.9507341384887695,-0.03580957651138306,179.92227172851562
88.12278747558594,-7.450730800628662,-0.03580957651138306,179.92227172851562
88.1180419921875,-10.950727462768555,-0.03580957651138306,179.92227172851562
88.11329650878906,-14.450725555419922,-0.03580957651138306,179.92227172851562
89.14653015136719,10.047897338867188,-0.03620871156454086,-0.077726349234581
89.14178466796875,6.547900199890137,-0.03620871156454086,-0.077726349234581
89.13703918457031,3.047903060913086,-0.03620871156454086,-0.077726349234581
89.13228607177734,-0.4520937204360962,-0.03620871156454086,-0.077726349234581
89.1275405883789,-3.9520907402038574,-0.03620871156454086,179.92227172851562
89.12278747558594,-7.45208740234375,-0.03620871156454086,179.92227172851562
89.1180419921875,-10.9520845413208,-0.03620871156454086,179.92227172851562
89.11329650878906,-14.452081680297852,-0.03620871156454086,179.92227172851562
90.14653015136719,10.046541213989258,-0.03660784661769867,-0.077726349234581
90.14178466796875,6.546543598175049,-0.03660784661769867,-0.077726349234581
90.13703918457031,3.046546459197998,-0.03660784661769867,-0.077726349234581
90.13228607177734,-0.4534503221511841,-0.03660784661769867,-0.077726349234581
90.1275405883789,-3.9534473419189453,-0.03660784661769867,179.92227172851562
90.12278747558594,-7.453444004058838,-0.03660784661769867,179.92227172851562
90.1180419921875,-10.953441619873047,-0.03660784661769867,179.92227172851562
90.11329650878906,-14.453437805175781,-0.03660784661769867,179.92227172851562
91.14653015136719,10.045184135437012,-0.037006981670856476,-0.077726349234581
91.14178466796875,6.545186996459961,-0.037006981670856476,-0.077726349234581
91.13703918457031,3.04518985748291,-0.037006981670856476,-0.077726349234581
91.13228607177734,-0.454806923866272,-0.037006981670856476,-0.077726349234581
91.1275405883789,-3.954803943634033,-0.037006981670856476,179.92227172851562
91.12278747558594,-7.454800605773926,-0.037006981670856476,179.92227172851562
91.1180419921875,-10.954797744750977,-0.037006981670856476,179.92227172851562
91.11329650878906,-14.454794883728027,-0.037006981670856476,179.92227172851562
92.14653015136719,10.043827056884766,-0.03740611672401428,-0.077726349234581
92.14178466796875,6.543830394744873,-0.03740611672401428,-0.077726349234581
92.13703918457031,3.0438332557678223,-0.03740611672401428,-0.077726349234581
92.13228607177734,-0.45616352558135986,-0.03740611672401428,-0.077726349234581
92.1275405883789,-3.956160545349121,-0.03740611672401428,179.92227172851562
92.12278747558594,-7.456157207489014,-0.03740611672401428,179.92227172851562
92.1180419921875,-10.956153869628906,-0.03740611672401428,179.92227172851562
92.11329650878906,-14.456151962280273,-0.03740611672401428,179.92227172851562
93.14653015136719,10.042470932006836,-0.03780525177717209,-0.077726349234581
93.14178466796875,6.542473793029785,-0.03780525177717209,-0.077726349234581
93.13703918457031,3.0424766540527344,-0.03780525177717209,-0.077726349234581
93.13228607177734,-0.45752012729644775,-0.03780525177717209,-0.077726349234581
93.1275405883789,-3.957517147064209,-0.03780525177717209,179.92227172851562
93.12278747558594,-7.457513809204102,-0.03780525177717209,179.92227172851562
93.1180419921875,-10.957510948181152,-0.03780525177717209,179.92227172851562
93.11329650878906,-14.457508087158203,-0.03780525177717209,179.92227172851562
94.14653015136719,10.041114807128906,-0.038204386830329895,-0.077726349234581
94.14178466796875,6.541117191314697,-0.038204386830329895,-0.077726349234581
94.13703918457031,3.0411200523376465,-0.038204386830329895,-0.077726349234581
94.13228607177734,-0.45887672901153564,-0.038204386830329895,-0.077726349234581
94.1275405883789,-3.958873748779297,-0.038204386830329895,179.92227172851562
94.12278747558594,-7.4588704109191895,-0.038204386830329895,179.92227172851562
94.1180419921875,-10.958868026733398,-0.038204386830329895,179.92227172851562
94.11329650878906,-14.458864212036133,-0.038204386830329895,179.92227172851562
95.14652252197266,10.03975772857666,-0.038603525608778,-0.077726349234581
95.14177703857422,6.539760589599609,-0.038603525608778,-0.077726349234581
95.13703155517578,3.0397636890411377,-0.038603525608778,-0.077726349234581
95.13227844238281,-0.46023309230804443,-0.038603525608778,-0.077726349234581
95.12753295898438,-3.9602298736572266,-0.038603525608778,179.92227172851562
95.1227798461914,-7.460227012634277,-0.038603525608778,179.92227172851562
95.11803436279297,-10.960224151611328,-0.038603525608778,179.92227172851562
95.11328887939453,-14.460221290588379,-0.038603525608778,179.92227172851562
96.14652252197266,10.03840160369873,-0.039002660661935806,-0.077726349234581
96.14177703857422,6.53840446472168,-0.039002660661935806,-0.077726349234581
96.13703155517578,3.03840708732605,-0.039002660661935806,-0.077726349234581
96.13227844238281,-0.4615896940231323,-0.039002660661935806,-0.077726349234581
96.12753295898438,-3.9615864753723145,-0.039002660661935806,179.92227172851562
96.1227798461914,-7.461583137512207,-0.039002660661935806,179.92227172851562
96.11803436279297,-10.961580276489258,-0.039002660661935806,179.92227172851562
96.11328887939453,-14.461577415466309,-0.039002660661935806,179.92227172851562
97.14652252197266,10.037044525146484,-0.03940179571509361,-0.077726349234581
97.14177703857422,6.537047386169434,-0.03940179571509361,-0.077726349234581
97.13703155517578,3.037050485610962,-0.03940179571509361,-0.077726349234581
97.13227844238281,-0.4629462957382202,-0.03940179571509361,-0.077726349234581
97.12753295898438,-3.9629430770874023,-0.03940179571509361,179.92227172851562
97.1227798461914,-7.462940216064453,-0.03940179571509361,179.92227172851562
97.11803436279297,-10.962937355041504,-0.03940179571509361,179.92227172851562
97.11328887939453,-14.462934494018555,-0.03940179571509361,179.92227172851562
98.14652252197266,10.035688400268555,-0.03980093076825142,-0.077726349234581
98.14177703857422,6.535691261291504,-0.03980093076825142,-0.077726349234581
98.13703155517578,3.035693883895874,-0.03980093076825142,-0.077726349234581
98.13227844238281,-0.4643028974533081,-0.03980093076825142,-0.077726349234581
98.12753295898438,-3.9642996788024902,-0.03980093076825142,179.92227172851562
98.1227798461914,-7.464296340942383,-0.03980093076825142,179.92227172851562
98.11803436279297,-10.964293479919434,-0.03980093076825142,179.92227172851562
98.11328887939453,-14.464290618896484,-0.03980093076825142,179.92227172851562
99.14652252197266,10.034331321716309,-0.040200065821409225,-0.077726349234581
99.14177703857422,6.534334182739258,-0.040200065821409225,-0.077726349234581
99.13703155517578,3.034337282180786,-0.040200065821409225,-0.077726349234581
99.13227844238281,-0.465659499168396,-0.040200065821409225,-0.077726349234581
99.12753295898438,-3.965656280517578,-0.040200065821409225,179.92227172851562
99.1227798461914,-7.465653419494629,-0.040200065821409225,179.92227172851562
99.11803436279297,-10.96565055847168,-0.040200065821409225,179.92227172851562
99.11328887939453,-14.46564769744873,-0.040200065821409225,179.92227172851562
100.14652252197266,10.032975196838379,-0.04059920087456703,-0.077726349234581
100.14177703857422,6.532978057861328,-0.04059920087456703,-0.077726349234581
100.13703155517578,3.0329806804656982,-0.04059920087456703,-0.077726349234581
100.13227844238281,-0.4670161008834839,-0.04059920087456703,-0.077726349234581
100.12753295898438,-3.967012882232666,-0.04059920087456703,179.92227172851562
100.1227798461914,-7.467009544372559,-0.04059920087456703,179.92227172851562
100.11803436279297,-10.96700668334961,-0.04059920087456703,179.92227172851562
100.11328887939453,-14.46700382232666,-0.04059920087456703,179.92227172851562
101.14652252197266,10.031618118286133,-0.04099833592772484,-0.077726349234581
101.14177703857422,6.531620979309082,-0.04099833592772484,-0.077726349234581
101.13703155517578,3.0316240787506104,-0.04099833592772484,-0.077726349234581
101.13227844238281,-0.4683727025985718,-0.04099833592772484,-0.077726349234581
101.12753295898438,-3.968369483947754,-0.04099833592772484,179.92227172851562
101.1227798461914,-7.468366622924805,-0.04099833592772484,179.92227172851562
101.11803436279297,-10.968363761901855,-0.04099833592772484,179.92227172851562
101.11328887939453,-14.468360900878906,-0.04099833592772484,179.92227172851562
102.14652252197266,10.030261993408203,-0.041397470980882645,-0.077726349234581
102.14177703857422,6.530264854431152,-0.041397470980882645,-0.077726349234581
102.13703155517578,3.0302674770355225,-0.041397470980882645,-0.077726349234581
102.13227844238281,-0.46972930431365967,-0.041397470980882645,-0.077726349234581
102.12753295898438,-3.969726085662842,-0.041397470980882645,179.92227172851562
102.1227798461914,-7.469722747802734,-0.041397470980882645,179.92227172851562
102.11803436279297,-10.969719886779785,-0.041397470980882645,179.92227172851562
102.11328887939453,-14.469717025756836,-0.041397470980882645,179.92227172851562
103.14651489257812,10.028904914855957,-0.04179660975933075,-0.077726349234581
103.14176940917969,6.528907775878906,-0.04179660975933075,-0.077726349234581
103.13702392578125,3.0289108753204346,-0.04179660975933075,-0.077726349234581
103.13227081298828,-0.47108590602874756,-0.04179660975933075,-0.077726349234581
103.12752532958984,-3.9710826873779297,-0.04179660975933075,179.92227172851562
103.12277221679688,-7.4710798263549805,-0.04179660975933075,179.92227172851562
103.11802673339844,-10.971076965332031,-0.04179660975933075,179.92227172851562
103.11328125,-14.471074104309082,-0.04179660975933075,179.92227172851562
104.14651489257812,10.027548789978027,-0.042195744812488556,-0.077726349234581
104.14176940917969,6.527551651000977,-0.042195744812488556,-0.077726349234581
104.13702392578125,3.0275542736053467,-0.042195744812488556,-0.077726349234581
104.13227081298828,-0.47244250774383545,-0.042195744812488556,-0.077726349234581
104.12752532958984,-3.9724392890930176,-0.042195744812488556,179.92227172851562
104.12277221679688,-7.47243595123291,-0.042195744812488556,179.92227172851562
104.11802673339844,-10.972433090209961,-0.042195744812488556,179.92227172851562
104.11328125,-14.472430229187012,-0.042195744812488556,179.92227172851562
105.14651489257812,10.026191711425781,-0.04259487986564636,-0.077726349234581
105.14176940917969,6.526195049285889,-0.04259487986564636,-0.077726349234581
105.13702392578125,3.026197910308838,-0.04259487986564636,-0.077726349234581
105.13227081298828,-0.47379887104034424,-0.04259487986564636,-0.077726349234581
105.12752532958984,-3.9737958908081055,-0.04259487986564636,179.92227172851562
105.12277221679688,-7.473792552947998,-0.04259487986564636,179.92227172851562
105.11802673339844,-10.97378921508789,-0.04259487986564636,179.92227172851562
105.11328125,-14.473787307739258,-0.04259487986564636,179.92227172851562
106.14651489257812,10.024835586547852,-0.04299401491880417,-0.077726349234581
106.14176940917969,6.524838447570801,-0.04299401491880417,-0.077726349234581
106.13702392578125,3.02484130859375,-0.04299401491880417,-0.077726349234581
106.13227081298828,-0.47515547275543213,-0.04299401491880417,-0.077726349234581
106.12752532958984,-3.9751524925231934,-0.04299401491880417,179.92227172851562
106.12277221679688,-7.475149154663086,-0.04299401491880417,179.92227172851562
106.11802673339844,-10.975146293640137,-0.04299401491880417,179.92227172851562
106.11328125,-14.475143432617188,-0.04299401491880417,179.92227172851562
107.14651489257812,10.023479461669922,-0.043393149971961975,-0.077726349234581
107.14176940917969,6.523481845855713,-0.043393149971961975,-0.077726349234581
107.13702392578125,3.023484706878662,-0.043393149971961975,-0.077726349234581
107.13227081298828,-0.47651207447052,-0.043393149971961975,-0.077726349234581
107.12752532958984,-3.9765090942382812,-0.043393149971961975,179.92227172851562
107.12277221679688,-7.476505756378174,-0.043393149971961975,179.92227172851562
107.11802673339844,-10.976503372192383,-0.043393149971961975,179.92227172851562
107.11328125,-14.476499557495117,-0.043393149971961975,179.92227172851562
108.14651489257812,10.022122383117676,-0.04379228502511978,-0.077726349234581
108.14176940917969,6.522125244140625,-0.04379228502511978,-0.077726349234581
108.13702392578125,3.022128105163574,-0.04379228502511978,-0.077726349234581
108.13227081298828,-0.4778686761856079,-0.04379228502511978,-0.077726349234581
108.12752532958984,-3.977865695953369,-0.04379228502511978,179.92227172851562
108.12277221679688,-7.477862358093262,-0.04379228502511978,179.92227172851562
108.11802673339844,-10.977859497070312,-0.04379228502511978,179.92227172851562
108.11328125,-14.477856636047363,-0.04379228502511978,179.92227172851562
109.14651489257812,10.02076530456543,-0.04419142007827759,-0.077726349234581
109.14176940917969,6.520768642425537,-0.04419142007827759,-0.077726349234581
109.13702392578125,3.0207715034484863,-0.04419142007827759,-0.077726349234581
109.13227081298828,-0.4792252779006958,-0.04419142007827759,-0.077726349234581
109.12752532958984,-3.979222297668457,-0.04419142007827759,179.92227172851562
109.12277221679688,-7.47921895980835,-0.04419142007827759,179.92227172851562
109.11802673339844,-10.979215621948242,-0.04419142007827759,179.92227172851562
109.11328125,-14.47921371459961,-0.04419142007827759,179.92227172851562
110.14651489257812,10.0194091796875,-0.044590555131435394,-0.077726349234581
110.14176940917969,6.519412040710449,-0.044590555131435394,-0.077726349234581
110.13702392578125,3.0194149017333984,-0.044590555131435394,-0.077726349234581
110.13227081298828,-0.4805818796157837,-0.044590555131435394,-0.077726349234581
110.12752532958984,-3.980578899383545,-0.044590555131435394,179.92227172851562
110.12277221679688,-7.4805755615234375,-0.044590555131435394,179.92227172851562
110.11802673339844,-10.980572700500488,-0.044590555131435394,179.92227172851562
110.11328125,-14.480569839477539,-0.044590555131435394,179.92227172851562
111.1465072631836,10.01805305480957,-0.0449896939098835,-0.077726349234581
111.14176177978516,6.518055438995361,-0.0449896939098835,-0.077726349234581
111.13701629638672,3.0180583000183105,-0.0449896939098835,-0.077726349234581
111.13226318359375,-0.4819384813308716,-0.0449896939098835,-0.077726349234581
111.12751770019531,-3.981935501098633,-0.0449896939098835,179.92227172851562
111.12276458740234,-7.481932163238525,-0.0449896939098835,179.92227172851562
111.1180191040039,-10.981929779052734,-0.0449896939098835,179.92227172851562
111.11327362060547,-14.481925964355469,-0.0449896939098835,179.92227172851562
112.1465072631836,10.016695976257324,-0.045388828963041306,-0.077726349234581
112.14176177978516,6.516698837280273,-0.045388828963041306,-0.077726349234581
112.13701629638672,3.0167016983032227,-0.045388828963041306,-0.077726349234581
112.13226318359375,-0.4832950830459595,-0.045388828963041306,-0.077726349234581
112.12751770019531,-3.9832921028137207,-0.045388828963041306,179.92227172851562
112.12276458740234,-7.483288764953613,-0.045388828963041306,179.92227172851562
112.1180191040039,-10.983285903930664,-0.045388828963041306,179.92227172851562
112.11327362060547,-14.483283042907715,-0.045388828963041306,179.92227172851562
113.1465072631836,10.015338897705078,-0.04578796401619911,-0.077726349234581
113.14176177978516,6.5153422355651855,-0.04578796401619911,-0.077726349234581
113.13701629638672,3.0153450965881348,-0.04578796401619911,-0.077726349234581
113.13226318359375,-0.48465168476104736,-0.04578796401619911,-0.077726349234581
113.12751770019531,-3.9846487045288086,-0.04578796401619911,179.92227172851562
113.12276458740234,-7.484645366668701,-0.04578796401619911,179.92227172851562
113.1180191040039,-10.984642028808594,-0.04578796401619911,179.92227172851562
113.11327362060547,-14.484640121459961,-0.04578796401619911,179.92227172851562
114.1465072631836,10.013982772827148,-0.04618709906935692,-0.077726349234581
114.14176177978516,6.513985633850098,-0.04618709906935692,-0.077726349234581
114.13701629638672,3.013988494873047,-0.04618709906935692,-0.077726349234581
114.13226318359375,-0.48600828647613525,-0.04618709906935692,-0.077726349234581
114.12751770019531,-3.9860053062438965,-0.04618709906935692,179.92227172851562
114.12276458740234,-7.486001968383789,-0.04618709906935692,179.92227172851562
114.1180191040039,-10.98599910736084,-0.04618709906935692,179.92227172851562
114.11327362060547,-14.48599624633789,-0.04618709906935692,179.92227172851562
115.1465072631836,10.012626647949219,-0.046586234122514725,-0.077726349234581
115.14176177978516,6.51262903213501,-0.046586234122514725,-0.077726349234581
115.13701629638672,3.012631893157959,-0.046586234122514725,-0.077726349234581
115.13226318359375,-0.48736488819122314,-0.046586234122514725,-0.077726349234581
115.12751770019531,-3.9873619079589844,-0.046586234122514725,179.92227172851562
115.12276458740234,-7.487358570098877,-0.046586234122514725,179.92227172851562
115.1180191040039,-10.987356185913086,-0.046586234122514725,179.92227172851562
115.11327362060547,-14.48735237121582,-0.046586234122514725,179.92227172851562
116.1465072631836,10.011269569396973,-0.04698536917567253,-0.077726349234581
116.14176177978516,6.511272430419922,-0.04698536917567253,-0.077726349234581
116.13701629638672,3.011275291442871,-0.04698536917567253,-0.077726349234581
116.13226318359375,-0.48872148990631104,-0.04698536917567253,-0.077726349234581
116.12751770019531,-3.9887185096740723,-0.04698536917567253,179.92227172851562
116.12276458740234,-7.488715171813965,-0.04698536917567253,179.92227172851562
116.1180191040039,-10.988712310791016,-0.04698536917567253,179.92227172851562
116.11327362060547,-14.488709449768066,-0.04698536917567253,179.92227172851562
117.1465072631836,10.009913444519043,-0.04738450422883034,-0.077726349234581
117.14176177978516,6.509916305541992,-0.04738450422883034,-0.077726349234581
117.13701629638672,3.0099189281463623,-0.04738450422883034,-0.077726349234581
117.13226318359375,-0.4900778532028198,-0.04738450422883034,-0.077726349234581
117.12751770019531,-3.990074634552002,-0.04738450422883034,179.92227172851562
117.12276458740234,-7.4900712966918945,-0.04738450422883034,179.92227172851562
117.1180191040039,-10.990068435668945,-0.04738450422883034,179.92227172851562
117.11327362060547,-14.490065574645996,-0.04738450422883034,179.92227172851562
118.1465072631836,10.008556365966797,-0.04778364300727844,-0.077726349234581
118.14176177978516,6.508559226989746,-0.04778364300727844,-0.077726349234581
118.13701629638672,3.0085623264312744,-0.04778364300727844,-0.077726349234581
118.13226318359375,-0.4914344549179077,-0.04778364300727844,-0.077726349234581
118.12751770019531,-3.99143123626709,-0.04778364300727844,179.92227172851562
118.12276458740234,-7.491428375244141,-0.04778364300727844,179.92227172851562
118.1180191040039,-10.991425514221191,-0.04778364300727844,179.92227172851562
118.11327362060547,-14.491422653198242,-0.04778364300727844,179.92227172851562
119.1465072631836,10.007200241088867,-0.04818277806043625,-0.077726349234581
119.14176177978516,6.507203102111816,-0.04818277806043625,-0.077726349234581
119.13701629638672,3.0072057247161865,-0.04818277806043625,-0.077726349234581
119.13226318359375,-0.4927910566329956,-0.04818277806043625,-0.077726349234581
119.12751770019531,-3.9927878379821777,-0.04818277806043625,179.92227172851562
119.12276458740234,-7.49278450012207,-0.04818277806043625,179.92227172851562
119.1180191040039,-10.992781639099121,-0.04818277806043625,179.92227172851562
119.11327362060547,-14.492778778076172,-0.04818277806043625,179.92227172851562
120.14649963378906,10.005843162536621,-0.048581913113594055,-0.077726349234581
120.14175415039062,6.50584602355957,-0.048581913113594055,-0.077726349234581
120.13700866699219,3.0058491230010986,-0.048581913113594055,-0.077726349234581
120.13225555419922,-0.4941476583480835,-0.048581913113594055,-0.077726349234581
120.12751007080078,-3.9941444396972656,-0.048581913113594055,179.92227172851562
120.12275695800781,-7.494141578674316,-0.048581913113594055,179.92227172851562
120.11801147460938,-10.994138717651367,-0.048581913113594055,179.92227172851562
120.11326599121094,-14.494135856628418,-0.048581913113594055,179.92227172851562
121.14649963378906,10.004487037658691,-0.04898104816675186,-0.077726349234581
121.14175415039062,6.504489898681641,-0.04898104816675186,-0.077726349234581
121.13700866699219,3.0044925212860107,-0.04898104816675186,-0.077726349234581
121.13225555419922,-0.4955042600631714,-0.04898104816675186,-0.077726349234581
121.12751007080078,-3.9955010414123535,-0.04898104816675186,179.92227172851562
121.12275695800781,-7.495497703552246,-0.04898104816675186,179.92227172851562
121.11801147460938,-10.995494842529297,-0.04898104816675186,179.92227172851562
121.11326599121094,-14.495491981506348,-0.04898104816675186,179.92227172851562
122.14649963378906,10.003129959106445,-0.04938018321990967,-0.077726349234581
122.14175415039062,6.5031328201293945,-0.04938018321990967,-0.077726349234581
122.13700866699219,3.003135919570923,-0.04938018321990967,-0.077726349234581
122.13225555419922,-0.4968608617782593,-0.04938018321990967,-0.077726349234581
122.12751007080078,-3.9968576431274414,-0.04938018321990967,179.92227172851562
122.12275695800781,-7.496854782104492,-0.04938018321990967,179.92227172851562
122.11801147460938,-10.996851921081543,-0.04938018321990967,179.92227172851562
122.11326599121094,-14.496849060058594,-0.04938018321990967,179.92227172851562
123.14649963378906,10.001773834228516,-0.049779318273067474,-0.077726349234581
123.14175415039062,6.501776695251465,-0.049779318273067474,-0.077726349234581
123.13700866699219,3.001779317855835,-0.049779318273067474,-0.077726349234581
123.13225555419922,-0.49821746349334717,-0.049779318273067474,-0.077726349234581
123.12751007080078,-3.9982142448425293,-0.049779318273067474,179.92227172851562
123.12275695800781,-7.498210906982422,-0.049779318273067474,179.92227172851562
123.11801147460938,-10.998208045959473,-0.049779318273067474,179.92227172851562
123.11326599121094,-14.498205184936523,-0.049779318273067474,179.92227172851562
124.14649963378906,10.00041675567627,-0.05017845332622528,-0.077726349234581
124.14175415039062,6.500419616699219,-0.05017845332622528,-0.077726349234581
124.13700866699219,3.000422716140747,-0.05017845332622528,-0.077726349234581
124.13225555419922,-0.49957406520843506,-0.05017845332622528,-0.077726349234581
124.12751007080078,-3.999570846557617,-0.05017845332622528,179.92227172851562
124.12275695800781,-7.499567985534668,-0.05017845332622528,179.92227172851562
124.11801147460938,-10.999565124511719,-0.05017845332622528,179.92227172851562
124.11326599121094,-14.49956226348877,-0.05017845332622528,179.92227172851562
125.14649963378906,9.99906063079834,-0.05057758837938309,-0.077726349234581
125.14175415039062,6.499063491821289,-0.05057758837938309,-0.077726349234581
125.13700866699219,2.999066114425659,-0.05057758837938309,-0.077726349234581
125.13225555419922,-0.500930666923523,-0.05057758837938309,-0.077726349234581
125.12751007080078,-4.000927448272705,-0.05057758837938309,179.92227172851562
125.12275695800781,-7.500924110412598,-0.05057758837938309,179.92227172851562
125.11801147460938,-11.000921249389648,-0.05057758837938309,179.92227172851562
125.11326599121094,-14.5009183883667,-0.05057758837938309,179.92227172851562
126.14649963378906,9.997703552246094,-0.05097672715783119,-0.077726349234581
126.14175415039062,6.497706413269043,-0.05097672715783119,-0.077726349234581
126.13700866699219,2.9977095127105713,-0.05097672715783119,-0.077726349234581
126.13225555419922,-0.5022872686386108,-0.05097672715783119,-0.077726349234581
126.12751007080078,-4.002284049987793,-0.05097672715783119,179.92227172851562
126.12275695800781,-7.502281188964844,-0.05097672715783119,179.92227172851562
126.11801147460938,-11.002278327941895,-0.05097672715783119,179.92227172851562
126.11326599121094,-14.502275466918945,-0.05097672715783119,179.92227172851562
127.14649963378906,9.996347427368164,-0.051375862210989,-0.077726349234581
127.14175415039062,6.496350288391113,-0.051375862210989,-0.077726349234581
127.13700866699219,2.9963531494140625,-0.051375862210989,-0.077726349234581
127.13225555419922,-0.5036436319351196,-0.051375862210989,-0.077726349234581
127.12751007080078,-4.003640651702881,-0.051375862210989,179.92227172851562
127.12275695800781,-7.503637313842773,-0.051375862210989,179.92227172851562
127.11801147460938,-11.003634452819824,-0.051375862210989,179.92227172851562
127.11326599121094,-14.503631591796875,-0.051375862210989,179.92227172851562
128.14649963378906,9.994991302490234,-0.051774997264146805,-0.077726349234581
128.14175415039062,6.494993686676025,-0.051774997264146805,-0.077726349234581
128.1370086669922,2.9949965476989746,-0.051774997264146805,-0.077726349234581
128.13226318359375,-0.5050002336502075,-0.051774997264146805,-0.077726349234581
128.12750244140625,-4.004997253417969,-0.051774997264146805,179.92227172851562
128.1227569580078,-7.504993915557861,-0.051774997264146805,179.92227172851562
128.11801147460938,-11.00499153137207,-0.051774997264146805,179.92227172851562
128.11326599121094,-14.504987716674805,-0.051774997264146805,179.92227172851562
129.14649963378906,9.993634223937988,-0.05217413231730461,-0.077726349234581
129.14175415039062,6.4936370849609375,-0.05217413231730461,-0.077726349234581
129.1370086669922,2.9936399459838867,-0.05217413231730461,-0.077726349234581
129.13226318359375,-0.5063568353652954,-0.05217413231730461,-0.077726349234581
129.12750244140625,-4.006353855133057,-0.05217413231730461,179.92227172851562
129.1227569580078,-7.506350517272949,-0.05217413231730461,179.92227172851562
129.11801147460938,-11.00634765625,-0.05217413231730461,179.92227172851562
129.11326599121094,-14.50634479522705,-0.05217413231730461,179.92227172851562
130.14649963378906,9.992277145385742,-0.05257326737046242,-0.077726349234581
130.14175415039062,6.49228048324585,-0.05257326737046242,-0.077726349234581
130.1370086669922,2.992283344268799,-0.05257326737046242,-0.077726349234581
130.13226318359375,-0.5077134370803833,-0.05257326737046242,-0.077726349234581
130.12750244140625,-4.0077104568481445,-0.05257326737046242,179.92227172851562
130.1227569580078,-7.507707118988037,-0.05257326737046242,179.92227172851562
130.11801147460938,-11.00770378112793,-0.05257326737046242,179.92227172851562
130.11326599121094,-14.507701873779297,-0.05257326737046242,179.92227172851562
131.14649963378906,9.990921020507812,-0.052972402423620224,-0.077726349234581
131.14175415039062,6.490923881530762,-0.052972402423620224,-0.077726349234581
131.1370086669922,2.990926742553711,-0.052972402423620224,-0.077726349234581
131.13226318359375,-0.5090700387954712,-0.052972402423620224,-0.077726349234581
131.12750244140625,-4.009067058563232,-0.052972402423620224,179.92227172851562
131.1227569580078,-7.509063720703125,-0.052972402423620224,179.92227172851562
131.11801147460938,-11.009060859680176,-0.052972402423620224,179.92227172851562
131.11326599121094,-14.509057998657227,-0.052972402423620224,179.92227172851562
132.14649963378906,9.989564895629883,-0.05337153747677803,-0.077726349234581
132.14175415039062,6.489567279815674,-0.05337153747677803,-0.077726349234581
132.1370086669922,2.989570140838623,-0.05337153747677803,-0.077726349234581
132.13226318359375,-0.5104266405105591,-0.05337153747677803,-0.077726349234581
132.12750244140625,-4.01042366027832,-0.05337153747677803,179.92227172851562
132.1227569580078,-7.510420322418213,-0.05337153747677803,179.92227172851562
132.11801147460938,-11.010417938232422,-0.05337153747677803,179.92227172851562
132.11326599121094,-14.510414123535156,-0.05337153747677803,179.92227172851562
133.14649963378906,9.988207817077637,-0.05377067252993584,-0.077726349234581
133.14175415039062,6.488210678100586,-0.05377067252993584,-0.077726349234581
133.1370086669922,2.988213539123535,-0.05377067252993584,-0.077726349234581
133.13226318359375,-0.511783242225647,-0.05377067252993584,-0.077726349234581
133.12750244140625,-4.011780261993408,-0.05377067252993584,179.92227172851562
133.1227569580078,-7.511776924133301,-0.05377067252993584,179.92227172851562
133.11801147460938,-11.011774063110352,-0.05377067252993584,179.92227172851562
133.11326599121094,-14.511771202087402,-0.05377067252993584,179.92227172851562
134.14649963378906,9.98685073852539,-0.05416981130838394,-0.077726349234581
134.14175415039062,6.486854076385498,-0.05416981130838394,-0.077726349234581
134.1370086669922,2.9868569374084473,-0.05416981130838394,-0.077726349234581
134.13226318359375,-0.5131398439407349,-0.05416981130838394,-0.077726349234581
134.12750244140625,-4.013136863708496,-0.05416981130838394,179.92227172851562
134.1227569580078,-7.513133525848389,-0.05416981130838394,179.92227172851562
134.11801147460938,-11.013130187988281,-0.05416981130838394,179.92227172851562
134.11326599121094,-14.513128280639648,-0.05416981130838394,179.92227172851562
135.14649963378906,9.985494613647461,-0.05456894636154175,-0.077726349234581
135.14175415039062,6.48549747467041,-0.05456894636154175,-0.077726349234581
135.1370086669922,2.9855003356933594,-0.05456894636154175,-0.077726349234581
135.13226318359375,-0.5144964456558228,-0.05456894636154175,-0.077726349234581
135.12750244140625,-4.014493465423584,-0.05456894636154175,179.92227172851562
135.1227569580078,-7.514490127563477,-0.05456894636154175,179.92227172851562
135.11801147460938,-11.014487266540527,-0.05456894636154175,179.92227172851562
135.11326599121094,-14.514484405517578,-0.05456894636154175,179.92227172851562
136.14649963378906,9.984138488769531,-0.054968081414699554,-0.077726349234581
136.14175415039062,6.484140872955322,-0.054968081414699554,-0.077726349234581
136.1370086669922,2.9841437339782715,-0.054968081414699554,-0.077726349234581
136.13226318359375,-0.5158530473709106,-0.054968081414699554,-0.077726349234581
136.12750244140625,-4.015850067138672,-0.054968081414699554,179.92227172851562
136.1227569580078,-7.5158467292785645,-0.054968081414699554,179.92227172851562
136.11801147460938,-11.015844345092773,-0.054968081414699554,179.92227172851562
136.11326599121094,-14.515840530395508,-0.054968081414699554,179.92227172851562
137.14649963378906,9.982781410217285,-0.05536721646785736,-0.077726349234581
137.14175415039062,6.482784271240234,-0.05536721646785736,-0.077726349234581
137.1370086669922,2.9827871322631836,-0.05536721646785736,-0.077726349234581
137.13226318359375,-0.5172096490859985,-0.05536721646785736,-0.077726349234581
137.12750244140625,-4.01720666885376,-0.05536721646785736,179.92227172851562
137.1227569580078,-7.517203330993652,-0.05536721646785736,179.92227172851562
137.11801147460938,-11.017200469970703,-0.05536721646785736,179.92227172851562
137.11326599121094,-14.517197608947754,-0.05536721646785736,179.92227172851562
138.14649963378906,9.981424331665039,-0.05576635152101517,-0.077726349234581
138.14175415039062,6.4814276695251465,-0.05576635152101517,-0.077726349234581
138.1370086669922,2.9814305305480957,-0.05576635152101517,-0.077726349234581
138.13226318359375,-0.5185662508010864,-0.05576635152101517,-0.077726349234581
138.12750244140625,-4.018563270568848,-0.05576635152101517,179.92227172851562
138.1227569580078,-7.51855993270874,-0.05576635152101517,179.92227172851562
138.11801147460938,-11.018556594848633,-0.05576635152101517,179.92227172851562
138.11326599121094,-14.5185546875,-0.05576635152101517,179.92227172851562
139.14649963378906,9.98006820678711,-0.056165486574172974,-0.077726349234581
139.14175415039062,6.480071067810059,-0.056165486574172974,-0.077726349234581
139.1370086669922,2.980074167251587,-0.056165486574172974,-0.077726349234581
139.13226318359375,-0.5199226140975952,-0.056165486574172974,-0.077726349234581
139.12750244140625,-4.019919395446777,-0.056165486574172974,179.92227172851562
139.1227569580078,-7.519916534423828,-0.056165486574172974,179.92227172851562
139.11801147460938,-11.019913673400879,-0.056165486574172974,179.92227172851562
139.11326599121094,-14.51991081237793,-0.056165486574172974,179.92227172851562
140.146484375,9.97871208190918,-0.05656462162733078,-0.077726349234581
140.14173889160156,6.478714942932129,-0.05656462162733078,-0.077726349234581
140.13699340820312,2.978717565536499,-0.05656462162733078,-0.077726349234581
140.1322479248047,-0.5212792158126831,-0.05656462162733078,-0.077726349234581
140.1274871826172,-4.021275997161865,-0.05656462162733078,179.92227172851562
140.12274169921875,-7.521272659301758,-0.05656462162733078,179.92227172851562
140.1179962158203,-11.021269798278809,-0.05656462162733078,179.92227172851562
140.11325073242188,-14.52126693725586,-0.05656462162733078,179.92227172851562
141.146484375,9.977355003356934,-0.056963760405778885,-0.077726349234581
141.14173889160156,6.477357864379883,-0.056963760405778885,-0.077726349234581
141.13699340820312,2.977360963821411,-0.056963760405778885,-0.077726349234581
141.1322479248047,-0.522635817527771,-0.056963760405778885,-0.077726349234581
141.1274871826172,-4.022632598876953,-0.056963760405778885,179.92227172851562
141.12274169921875,-7.522629737854004,-0.056963760405778885,179.92227172851562
141.1179962158203,-11.022626876831055,-0.056963760405778885,179.92227172851562
141.11325073242188,-14.522624015808105,-0.056963760405778885,179.92227172851562
142.146484375,9.975998878479004,-0.05736289545893669,-0.077726349234581
142.14173889160156,6.476001739501953,-0.05736289545893669,-0.077726349234581
142.13699340820312,2.9760043621063232,-0.05736289545893669,-0.077726349234581
142.1322479248047,-0.5239924192428589,-0.05736289545893669,-0.077726349234581
142.1274871826172,-4.023989200592041,-0.05736289545893669,179.92227172851562
142.12274169921875,-7.523985862731934,-0.05736289545893669,179.92227172851562
142.1179962158203,-11.023983001708984,-0.05736289545893669,179.92227172851562
142.11325073242188,-14.523980140686035,-0.05736289545893669,179.92227172851562
143.146484375,9.974641799926758,-0.0577620305120945,-0.077726349234581
143.14173889160156,6.474644660949707,-0.0577620305120945,-0.077726349234581
143.13699340820312,2.9746477603912354,-0.0577620305120945,-0.077726349234581
143.1322479248047,-0.5253490209579468,-0.0577620305120945,-0.077726349234581
143.1274871826172,-4.025345802307129,-0.0577620305120945,179.92227172851562
143.12274169921875,-7.52534294128418,-0.0577620305120945,179.92227172851562
143.1179962158203,-11.02534008026123,-0.0577620305120945,179.92227172851562
143.11325073242188,-14.525337219238281,-0.0577620305120945,179.92227172851562
144.146484375,9.973285675048828,-0.058161165565252304,-0.077726349234581
144.14173889160156,6.473288536071777,-0.058161165565252304,-0.077726349234581
144.13699340820312,2.9732911586761475,-0.058161165565252304,-0.077726349234581
144.1322479248047,-0.5267056226730347,-0.058161165565252304,-0.077726349234581
144.1274871826172,-4.026702404022217,-0.058161165565252304,179.92227172851562
144.12274169921875,-7.526699066162109,-0.058161165565252304,179.92227172851562
144.1179962158203,-11.02669620513916,-0.058161165565252304,179.92227172851562
144.11325073242188,-14.526693344116211,-0.058161165565252304,179.92227172851562
145.146484375,9.971928596496582,-0.05856030061841011,-0.077726349234581
145.14173889160156,6.471931457519531,-0.05856030061841011,-0.077726349234581
145.13699340820312,2.9719345569610596,-0.05856030061841011,-0.077726349234581
145.1322479248047,-0.5280622243881226,-0.05856030061841011,-0.077726349234581
145.1274871826172,-4.028059005737305,-0.05856030061841011,179.92227172851562
145.12274169921875,-7.5280561447143555,-0.05856030061841011,179.92227172851562
145.1179962158203,-11.028053283691406,-0.05856030061841011,179.92227172851562
145.11325073242188,-14.528050422668457,-0.05856030061841011,179.92227172851562
146.146484375,9.970572471618652,-0.05895943567156792,-0.077726349234581
146.14173889160156,6.470575332641602,-0.05895943567156792,-0.077726349234581
146.13699340820312,2.9705779552459717,-0.05895943567156792,-0.077726349234581
146.1322479248047,-0.5294188261032104,-0.05895943567156792,-0.077726349234581
146.1274871826172,-4.029415607452393,-0.05895943567156792,179.92227172851562
146.12274169921875,-7.529412269592285,-0.05895943567156792,179.92227172851562
146.1179962158203,-11.029409408569336,-0.05895943567156792,179.92227172851562
146.11325073242188,-14.529406547546387,-0.05895943567156792,179.92227172851562
147.146484375,9.969215393066406,-0.05935857072472572,-0.077726349234581
147.14173889160156,6.4692182540893555,-0.05935857072472572,-0.077726349234581
147.13699340820312,2.969221353530884,-0.05935857072472572,-0.077726349234581
147.1322479248047,-0.5307754278182983,-0.05935857072472572,-0.077726349234581
147.1274871826172,-4.0307722091674805,-0.05935857072472572,179.92227172851562
147.12274169921875,-7.530769348144531,-0.05935857072472572,179.92227172851562
147.1179962158203,-11.030766487121582,-0.05935857072472572,179.92227172851562
147.11325073242188,-14.530763626098633,-0.05935857072472572,179.92227172851562
148.146484375,9.967859268188477,-0.05975770577788353,-0.077726349234581
148.14173889160156,6.467862129211426,-0.05975770577788353,-0.077726349234581
148.13699340820312,2.967864751815796,-0.05975770577788353,-0.077726349234581
148.1322479248047,-0.5321320295333862,-0.05975770577788353,-0.077726349234581
148.1274871826172,-4.032128810882568,-0.05975770577788353,179.92227172851562
148.12274169921875,-7.532125473022461,-0.05975770577788353,179.92227172851562
148.1179962158203,-11.032122611999512,-0.05975770577788353,179.92227172851562
148.11325073242188,-14.532119750976562,-0.05975770577788353,179.92227172851562
149.146484375,9.96650218963623,-0.060156844556331635,-0.077726349234581
149.14173889160156,6.46650505065918,-0.060156844556331635,-0.077726349234581
149.13699340820312,2.966508150100708,-0.060156844556331635,-0.077726349234581
149.1322479248047,-0.5334886312484741,-0.060156844556331635,-0.077726349234581
149.1274871826172,-4.033485412597656,-0.060156844556331635,179.92227172851562
149.12274169921875,-7.533482551574707,-0.060156844556331635,179.92227172851562
149.1179962158203,-11.033479690551758,-0.060156844556331635,179.92227172851562
149.11325073242188,-14.533476829528809,-0.060156844556331635,179.92227172851562
150.146484375,9.9651460647583,-0.06055597960948944,-0.077726349234581
150.14173889160156,6.46514892578125,-0.06055597960948944,-0.077726349234581
150.13699340820312,2.965151786804199,-0.06055597960948944,-0.077726349234581
150.1322479248047,-0.5348449945449829,-0.06055597960948944,-0.077726349234581
150.1274871826172,-4.034842014312744,-0.06055597960948944,179.92227172851562
150.12274169921875,-7.534838676452637,-0.06055597960948944,179.92227172851562
150.1179962158203,-11.034835815429688,-0.06055597960948944,179.92227172851562
150.11325073242188,-14.534832954406738,-0.06055597960948944,179.92227172851562
151.146484375,9.963788986206055,-0.06095511466264725,-0.077726349234581
151.14173889160156,6.463792324066162,-0.06095511466264725,-0.077726349234581
151.13699340820312,2.9637951850891113,-0.06095511466264725,-0.077726349234581
151.1322479248047,-0.5362015962600708,-0.06095511466264725,-0.077726349234581
151.1274871826172,-4.036198616027832,-0.06095511466264725,179.92227172851562
151.12274169921875,-7.536195278167725,-0.06095511466264725,179.92227172851562
151.1179962158203,-11.036191940307617,-0.06095511466264725,179.92227172851562
151.11325073242188,-14.536190032958984,-0.06095511466264725,179.92227172851562
152.146484375,9.962432861328125,-0.061354249715805054,-0.077726349234581
152.14173889160156,6.462435722351074,-0.061354249715805054,-0.077726349234581
152.13699340820312,2.9624385833740234,-0.061354249715805054,-0.077726349234581
152.1322479248047,-0.5375581979751587,-0.061354249715805054,-0.077726349234581
152.1274871826172,-4.03755521774292,-0.061354249715805054,179.92227172851562
152.12274169921875,-7.5375518798828125,-0.061354249715805054,179.92227172851562
152.1179962158203,-11.037549018859863,-0.061354249715805054,179.92227172851562
152.11325073242188,-14.537546157836914,-0.061354249715805054,179.92227172851562
153.146484375,9.961076736450195,-0.06175338476896286,-0.077726349234581
153.14173889160156,6.461079120635986,-0.06175338476896286,-0.077726349234581
153.13699340820312,2.9610819816589355,-0.06175338476896286,-0.077726349234581
153.1322479248047,-0.5389147996902466,-0.06175338476896286,-0.077726349234581
153.1274871826172,-4.038911819458008,-0.06175338476896286,179.92227172851562
153.12274169921875,-7.5389084815979,-0.06175338476896286,179.92227172851562
153.1179962158203,-11.03890609741211,-0.06175338476896286,179.92227172851562
153.11325073242188,-14.538902282714844,-0.06175338476896286,179.92227172851562
154.146484375,9.95971965789795,-0.062152519822120667,-0.077726349234581
154.14173889160156,6.459722518920898,-0.062152519822120667,-0.077726349234581
154.13699340820312,2.9597253799438477,-0.062152519822120667,-0.077726349234581
154.1322479248047,-0.5402714014053345,-0.062152519822120667,-0.077726349234581
154.1274871826172,-4.040268421173096,-0.062152519822120667,179.92227172851562
154.12274169921875,-7.540265083312988,-0.062152519822120667,179.92227172851562
154.1179962158203,-11.040262222290039,-0.062152519822120667,179.92227172851562
154.11325073242188,-14.54025936126709,-0.062152519822120667,179.92227172851562
155.146484375,9.958362579345703,-0.06255165487527847,-0.077726349234581
155.14173889160156,6.4583659172058105,-0.06255165487527847,-0.077726349234581
155.13699340820312,2.9583687782287598,-0.06255165487527847,-0.077726349234581
155.1322479248047,-0.5416280031204224,-0.06255165487527847,-0.077726349234581
155.1274871826172,-4.041625022888184,-0.06255165487527847,179.92227172851562
155.12274169921875,-7.541621685028076,-0.06255165487527847,179.92227172851562
155.1179962158203,-11.041618347167969,-0.06255165487527847,179.92227172851562
155.11325073242188,-14.541616439819336,-0.06255165487527847,179.92227172851562
156.146484375,9.957006454467773,-0.06295078992843628,-0.077726349234581
156.14173889160156,6.457009315490723,-0.06295078992843628,-0.077726349234581
156.13699340820312,2.957012176513672,-0.06295078992843628,-0.077726349234581
156.1322479248047,-0.5429846048355103,-0.06295078992843628,-0.077726349234581
156.1274871826172,-4.0429816246032715,-0.06295078992843628,179.92227172851562
156.12274169921875,-7.542978286743164,-0.06295078992843628,179.92227172851562
156.1179962158203,-11.042975425720215,-0.06295078992843628,179.92227172851562
156.11325073242188,-14.542972564697266,-0.06295078992843628,179.92227172851562
157.14646911621094,9.955650329589844,-0.06334992498159409,-0.077726349234581
157.1417236328125,6.455652713775635,-0.06334992498159409,-0.077726349234581
157.13697814941406,2.955655574798584,-0.06334992498159409,-0.077726349234581
157.13223266601562,-0.5443412065505981,-0.06334992498159409,-0.077726349234581
157.12747192382812,-4.044338226318359,-0.06334992498159409,179.92227172851562
157.1227264404297,-7.544334888458252,-0.06334992498159409,179.92227172851562
157.11798095703125,-11.044332504272461,-0.06334992498159409,179.92227172851562
157.1132354736328,-14.544328689575195,-0.06334992498159409,179.92227172851562
158.14646911621094,9.954293251037598,-0.06374906003475189,-0.077726349234581
158.1417236328125,6.454296112060547,-0.06374906003475189,-0.077726349234581
158.13697814941406,2.954298973083496,-0.06374906003475189,-0.077726349234581
158.13223266601562,-0.545697808265686,-0.06374906003475189,-0.077726349234581
158.12747192382812,-4.045694828033447,-0.06374906003475189,179.92227172851562
158.1227264404297,-7.54569149017334,-0.06374906003475189,179.92227172851562
158.11798095703125,-11.04568862915039,-0.06374906003475189,179.92227172851562
158.1132354736328,-14.545685768127441,-0.06374906003475189,179.92227172851562
159.14646911621094,9.952936172485352,-0.0641481950879097,-0.077726349234581
159.1417236328125,6.452939510345459,-0.0641481950879097,-0.077726349234581
159.13697814941406,2.952942371368408,-0.0641481950879097,-0.077726349234581
159.13223266601562,-0.5470544099807739,-0.0641481950879097,-0.077726349234581
159.12747192382812,-4.047051429748535,-0.0641481950879097,179.92227172851562
159.1227264404297,-7.547048091888428,-0.0641481950879097,179.92227172851562
159.11798095703125,-11.04704475402832,-0.0641481950879097,179.92227172851562
159.1132354736328,-14.547042846679688,-0.0641481950879097,179.92227172851562
160.14646911621094,9.951580047607422,-0.0645473301410675,-0.077726349234581
160.1417236328125,6.451582908630371,-0.0645473301410675,-0.077726349234581
160.13697814941406,2.9515857696533203,-0.0645473301410675,-0.077726349234581
160.13223266601562,-0.5484110116958618,-0.0645473301410675,-0.077726349234581
160.12747192382812,-4.048408031463623,-0.0645473301410675,179.92227172851562
160.1227264404297,-7.548404693603516,-0.0645473301410675,179.92227172851562
160.11798095703125,-11.048401832580566,-0.0645473301410675,179.92227172851562
160.1132354736328,-14.548398971557617,-0.0645473301410675,179.92227172851562
161.14646911621094,9.950223922729492,-0.06494647264480591,-0.077726349234581
161.1417236328125,6.450226306915283,-0.06494647264480591,-0.077726349234581
161.13697814941406,2.9502291679382324,-0.06494647264480591,-0.077726349234581
161.13223266601562,-0.5497676134109497,-0.06494647264480591,-0.077726349234581
161.12747192382812,-4.049764633178711,-0.06494647264480591,179.92227172851562
161.1227264404297,-7.5497612953186035,-0.06494647264480591,179.92227172851562
161.11798095703125,-11.049758911132812,-0.06494647264480591,179.92227172851562
161.1132354736328,-14.549755096435547,-0.06494647264480591,179.92227172851562
162.14646911621094,9.948866844177246,-0.06534560769796371,-0.077726349234581
162.1417236328125,6.448869705200195,-0.06534560769796371,-0.077726349234581
162.13697814941406,2.9488728046417236,-0.06534560769796371,-0.077726349234581
162.13223266601562,-0.5511239767074585,-0.06534560769796371,-0.077726349234581
162.12747192382812,-4.051120758056641,-0.06534560769796371,179.92227172851562
162.1227264404297,-7.551117897033691,-0.06534560769796371,179.92227172851562
162.11798095703125,-11.051115036010742,-0.06534560769796371,179.92227172851562
162.1132354736328,-14.551112174987793,-0.06534560769796371,179.92227172851562
163.14646911621094,9.947510719299316,-0.06574474275112152,-0.077726349234581
163.1417236328125,6.447513580322266,-0.06574474275112152,-0.077726349234581
163.13697814941406,2.9475162029266357,-0.06574474275112152,-0.077726349234581
163.13223266601562,-0.5524805784225464,-0.06574474275112152,-0.077726349234581
163.12747192382812,-4.0524773597717285,-0.06574474275112152,179.92227172851562
163.1227264404297,-7.552474021911621,-0.06574474275112152,179.92227172851562
163.11798095703125,-11.052471160888672,-0.06574474275112152,179.92227172851562
163.1132354736328,-14.552468299865723,-0.06574474275112152,179.92227172851562
164.14646911621094,9.94615364074707,-0.06614387780427933,-0.077726349234581
164.1417236328125,6.4461565017700195,-0.06614387780427933,-0.077726349234581
164.13697814941406,2.946159601211548,-0.06614387780427933,-0.077726349234581
164.13223266601562,-0.5538371801376343,-0.06614387780427933,-0.077726349234581
164.12747192382812,-4.053833961486816,-0.06614387780427933,179.92227172851562
164.1227264404297,-7.553831100463867,-0.06614387780427933,179.92227172851562
164.11798095703125,-11.053828239440918,-0.06614387780427933,179.92227172851562
164.1132354736328,-14.553825378417969,-0.06614387780427933,179.92227172851562
165.14646911621094,9.94479751586914,-0.06654301285743713,-0.077726349234581
165.1417236328125,6.44480037689209,-0.06654301285743713,-0.077726349234581
165.13697814941406,2.94480299949646,-0.06654301285743713,-0.077726349234581
165.13223266601562,-0.5551937818527222,-0.06654301285743713,-0.077726349234581
165.12747192382812,-4.055190563201904,-0.06654301285743713,179.92227172851562
165.1227264404297,-7.555187225341797,-0.06654301285743713,179.92227172851562
165.11798095703125,-11.055184364318848,-0.06654301285743713,179.92227172851562
165.1132354736328,-14.555181503295898,-0.06654301285743713,179.92227172851562
166.14646911621094,9.943440437316895,-0.06694214791059494,-0.077726349234581
166.1417236328125,6.443443298339844,-0.06694214791059494,-0.077726349234581
166.13697814941406,2.943446397781372,-0.06694214791059494,-0.077726349234581
166.13223266601562,-0.5565503835678101,-0.06694214791059494,-0.077726349234581
166.12747192382812,-4.056547164916992,-0.06694214791059494,179.92227172851562
166.1227264404297,-7.556544303894043,-0.06694214791059494,179.92227172851562
166.11798095703125,-11.056541442871094,-0.06694214791059494,179.92227172851562
166.1132354736328,-14.556538581848145,-0.06694214791059494,179.92227172851562
167.14646911621094,9.942084312438965,-0.06734128296375275,-0.077726349234581
167.1417236328125,6.442087173461914,-0.06734128296375275,-0.077726349234581
167.13697814941406,2.942089796066284,-0.06734128296375275,-0.077726349234581
167.13223266601562,-0.557906985282898,-0.06734128296375275,-0.077726349234581
167.12747192382812,-4.05790376663208,-0.06734128296375275,179.92227172851562
167.1227264404297,-7.557900428771973,-0.06734128296375275,179.92227172851562
167.11798095703125,-11.057897567749023,-0.06734128296375275,179.92227172851562
167.1132354736328,-14.557894706726074,-0.06734128296375275,179.92227172851562
168.14646911621094,9.940727233886719,-0.06774041801691055,-0.077726349234581
168.1417236328125,6.440730094909668,-0.06774041801691055,-0.077726349234581
168.13697814941406,2.9407331943511963,-0.06774041801691055,-0.077726349234581
168.13223266601562,-0.5592635869979858,-0.06774041801691055,-0.077726349234581
168.12747192382812,-4.059260368347168,-0.06774041801691055,179.92227172851562
168.1227264404297,-7.559257507324219,-0.06774041801691055,179.92227172851562
168.11798095703125,-11.05925464630127,-0.06774041801691055,179.92227172851562
168.1132354736328,-14.55925178527832,-0.06774041801691055,179.92227172851562
169.14646911621094,9.939371109008789,-0.06813955307006836,-0.077726349234581
169.1417236328125,6.439373970031738,-0.06813955307006836,-0.077726349234581
169.13697814941406,2.9393765926361084,-0.06813955307006836,-0.077726349234581
169.13223266601562,-0.5606201887130737,-0.06813955307006836,-0.077726349234581
169.12747192382812,-4.060616970062256,-0.06813955307006836,179.92227172851562
169.1227264404297,-7.560613632202148,-0.06813955307006836,179.92227172851562
169.11798095703125,-11.0606107711792,-0.06813955307006836,179.92227172851562
169.1132354736328,-14.56060791015625,-0.06813955307006836,179.92227172851562
170.14646911621094,9.938014030456543,-0.06853868812322617,-0.077726349234581
170.1417236328125,6.438016891479492,-0.06853868812322617,-0.077726349234581
170.13697814941406,2.9380199909210205,-0.06853868812322617,-0.077726349234581
170.13223266601562,-0.5619767904281616,-0.06853868812322617,-0.077726349234581
170.12747192382812,-4.061973571777344,-0.06853868812322617,179.92227172851562
170.1227264404297,-7.5619707107543945,-0.06853868812322617,179.92227172851562
170.11798095703125,-11.061967849731445,-0.06853868812322617,179.92227172851562
170.1132354736328,-14.561964988708496,-0.06853868812322617,179.92227172851562
171.14646911621094,9.936657905578613,-0.06893782317638397,-0.077726349234581
171.1417236328125,6.4366607666015625,-0.06893782317638397,-0.077726349234581
171.13697814941406,2.9366633892059326,-0.06893782317638397,-0.077726349234581
171.13223266601562,-0.5633333921432495,-0.06893782317638397,-0.077726349234581
171.12747192382812,-4.063330173492432,-0.06893782317638397,179.92227172851562
171.1227264404297,-7.563326835632324,-0.06893782317638397,179.92227172851562
171.11798095703125,-11.063323974609375,-0.06893782317638397,179.92227172851562
171.1132354736328,-14.563321113586426,-0.06893782317638397,179.92227172851562
172.14646911621094,9.935300827026367,-0.06933695822954178,-0.077726349234581
172.1417236328125,6.435304164886475,-0.06933695822954178,-0.077726349234581
172.13697814941406,2.935307025909424,-0.06933695822954178,-0.077726349234581
172.13223266601562,-0.5646897554397583,-0.06933695822954178,-0.077726349234581
172.12747192382812,-4.0646867752075195,-0.06933695822954178,179.92227172851562
172.1227264404297,-7.564683437347412,-0.06933695822954178,179.92227172851562
172.11798095703125,-11.064680099487305,-0.06933695822954178,179.92227172851562
172.1132354736328,-14.564678192138672,-0.06933695822954178,179.92227172851562
173.14646911621094,9.933944702148438,-0.06973609328269958,-0.077726349234581
173.1417236328125,6.433947563171387,-0.06973609328269958,-0.077726349234581
173.13697814941406,2.933950424194336,-0.06973609328269958,-0.077726349234581
173.13223266601562,-0.5660463571548462,-0.06973609328269958,-0.077726349234581
173.12747192382812,-4.066043376922607,-0.06973609328269958,179.92227172851562
173.1227264404297,-7.5660400390625,-0.06973609328269958,179.92227172851562
173.11798095703125,-11.06603717803955,-0.06973609328269958,179.92227172851562
173.1132354736328,-14.566034317016602,-0.06973609328269958,179.92227172851562
174.14645385742188,9.932588577270508,-0.07013522833585739,-0.077726349234581
174.14170837402344,6.432590961456299,-0.07013522833585739,-0.077726349234581
174.136962890625,2.932593822479248,-0.07013522833585739,-0.077726349234581
174.13221740722656,-0.5674029588699341,-0.07013522833585739,-0.077726349234581
174.12745666503906,-4.067399978637695,-0.07013522833585739,179.92227172851562
174.12271118164062,-7.567396640777588,-0.07013522833585739,179.92227172851562
174.1179656982422,-11.067394256591797,-0.07013522833585739,179.92227172851562
174.11322021484375,-14.567390441894531,-0.07013522833585739,179.92227172851562
175.14645385742188,9.931231498718262,-0.0705343633890152,-0.077726349234581
175.14170837402344,6.431234359741211,-0.0705343633890152,-0.077726349234581
175.136962890625,2.93123722076416,-0.0705343633890152,-0.077726349234581
175.13221740722656,-0.568759560585022,-0.0705343633890152,-0.077726349234581
175.12745666503906,-4.068756580352783,-0.0705343633890152,179.92227172851562
175.12271118164062,-7.568753242492676,-0.0705343633890152,179.92227172851562
175.1179656982422,-11.068750381469727,-0.0705343633890152,179.92227172851562
175.11322021484375,-14.568747520446777,-0.0705343633890152,179.92227172851562
176.14645385742188,9.929874420166016,-0.0709335058927536,-0.077726349234581
176.14170837402344,6.429877758026123,-0.0709335058927536,-0.077726349234581
176.136962890625,2.9298806190490723,-0.0709335058927536,-0.077726349234581
176.13221740722656,-0.5701161623001099,-0.0709335058927536,-0.077726349234581
176.12745666503906,-4.070113182067871,-0.0709335058927536,179.92227172851562
176.12271118164062,-7.570109844207764,-0.0709335058927536,179.92227172851562
176.1179656982422,-11.070106506347656,-0.0709335058927536,179.92227172851562
176.11322021484375,-14.570104598999023,-0.0709335058927536,179.92227172851562
177.14645385742188,9.928518295288086,-0.07133264094591141,-0.077726349234581
177.14170837402344,6.428521156311035,-0.07133264094591141,-0.077726349234581
177.136962890625,2.9285240173339844,-0.07133264094591141,-0.077726349234581
177.13221740722656,-0.5714727640151978,-0.07133264094591141,-0.077726349234581
177.12745666503906,-4.071469783782959,-0.07133264094591141,179.92227172851562
177.12271118164062,-7.571466445922852,-0.07133264094591141,179.92227172851562
177.1179656982422,-11.071463584899902,-0.07133264094591141,179.92227172851562
177.11322021484375,-14.571460723876953,-0.07133264094591141,179.92227172851562
178.14645385742188,9.927162170410156,-0.07173177599906921,-0.077726349234581
178.14170837402344,6.427164554595947,-0.07173177599906921,-0.077726349234581
178.136962890625,2.9271674156188965,-0.07173177599906921,-0.077726349234581
178.13221740722656,-0.5728293657302856,-0.07173177599906921,-0.077726349234581
178.12745666503906,-4.072826385498047,-0.07173177599906921,179.92227172851562
178.12271118164062,-7.5728230476379395,-0.07173177599906921,179.92227172851562
178.1179656982422,-11.072820663452148,-0.07173177599906921,179.92227172851562
178.11322021484375,-14.572816848754883,-0.07173177599906921,179.92227172851562
179.14645385742188,9.92580509185791,-0.07213091105222702,-0.077726349234581
179.14170837402344,6.425807952880859,-0.07213091105222702,-0.077726349234581
179.136962890625,2.9258108139038086,-0.07213091105222702,-0.077726349234581
179.13221740722656,-0.5741859674453735,-0.07213091105222702,-0.077726349234581
179.12745666503906,-4.074182987213135,-0.07213091105222702,179.92227172851562
179.12271118164062,-7.574179649353027,-0.07213091105222702,179.92227172851562
179.1179656982422,-11.074176788330078,-0.07213091105222702,179.92227172851562
179.11322021484375,-14.574173927307129,-0.07213091105222702,179.92227172851562
180.14645385742188,9.924448013305664,-0.07253004610538483,-0.077726349234581
180.14170837402344,6.4244513511657715,-0.07253004610538483,-0.077726349234581
180.136962890625,2.9244542121887207,-0.07253004610538483,-0.077726349234581
180.13221740722656,-0.5755425691604614,-0.07253004610538483,-0.077726349234581
180.12745666503906,-4.075539588928223,-0.07253004610538483,179.92227172851562
180.12271118164062,-7.575536251068115,-0.07253004610538483,179.92227172851562
180.1179656982422,-11.075532913208008,-0.07253004610538483,179.92227172851562
180.11322021484375,-14.575531005859375,-0.07253004610538483,179.92227172851562
181.14645385742188,9.923091888427734,-0.07292918115854263,-0.077726349234581
181.14170837402344,6.423094749450684,-0.07292918115854263,-0.077726349234581
181.136962890625,2.923097610473633,-0.07292918115854263,-0.077726349234581
181.13221740722656,-0.5768991708755493,-0.07292918115854263,-0.077726349234581
181.12745666503906,-4.0768961906433105,-0.07292918115854263,179.92227172851562
181.12271118164062,-7.576892852783203,-0.07292918115854263,179.92227172851562
181.1179656982422,-11.076889991760254,-0.07292918115854263,179.92227172851562
181.11322021484375,-14.576887130737305,-0.07292918115854263,179.92227172851562
182.14645385742188,9.921735763549805,-0.07332831621170044,-0.077726349234581
182.14170837402344,6.421738147735596,-0.07332831621170044,-0.077726349234581
182.136962890625,2.921741008758545,-0.07332831621170044,-0.077726349234581
182.13221740722656,-0.5782557725906372,-0.07332831621170044,-0.077726349234581
182.12745666503906,-4.078252792358398,-0.07332831621170044,179.92227172851562
182.12271118164062,-7.578249454498291,-0.07332831621170044,179.92227172851562
182.1179656982422,-11.0782470703125,-0.07332831621170044,179.92227172851562
182.11322021484375,-14.578243255615234,-0.07332831621170044,179.92227172851562
183.14645385742188,9.920378684997559,-0.07372745126485825,-0.077726349234581
183.14170837402344,6.420381546020508,-0.07372745126485825,-0.077726349234581
183.136962890625,2.920384407043457,-0.07372745126485825,-0.077726349234581
183.13221740722656,-0.5796123743057251,-0.07372745126485825,-0.077726349234581
183.12745666503906,-4.079609394073486,-0.07372745126485825,179.92227172851562
183.12271118164062,-7.579606056213379,-0.07372745126485825,179.92227172851562
183.1179656982422,-11.07960319519043,-0.07372745126485825,179.92227172851562
183.11322021484375,-14.57960033416748,-0.07372745126485825,179.92227172851562
184.14645385742188,9.919022560119629,-0.07412658631801605,-0.077726349234581
184.14170837402344,6.419025421142578,-0.07412658631801605,-0.077726349234581
184.136962890625,2.9190280437469482,-0.07412658631801605,-0.077726349234581
184.13221740722656,-0.5809687376022339,-0.07412658631801605,-0.077726349234581
184.12745666503906,-4.080965518951416,-0.07412658631801605,179.92227172851562
184.12271118164062,-7.580962181091309,-0.07412658631801605,179.92227172851562
184.1179656982422,-11.08095932006836,-0.07412658631801605,179.92227172851562
184.11322021484375,-14.58095645904541,-0.07412658631801605,179.92227172851562
185.14645385742188,9.917665481567383,-0.07452572137117386,-0.077726349234581
185.14170837402344,6.417668342590332,-0.07452572137117386,-0.077726349234581
185.136962890625,2.9176714420318604,-0.07452572137117386,-0.077726349234581
185.13221740722656,-0.5823253393173218,-0.07452572137117386,-0.077726349234581
185.12745666503906,-4.082322120666504,-0.07452572137117386,179.92227172851562
185.12271118164062,-7.582319259643555,-0.07452572137117386,179.92227172851562
185.1179656982422,-11.082316398620605,-0.07452572137117386,179.92227172851562
185.11322021484375,-14.582313537597656,-0.07452572137117386,179.92227172851562
186.14645385742188,9.916309356689453,-0.07492485642433167,-0.077726349234581
186.14170837402344,6.416312217712402,-0.07492485642433167,-0.077726349234581
186.136962890625,2.9163148403167725,-0.07492485642433167,-0.077726349234581
186.13221740722656,-0.5836819410324097,-0.07492485642433167,-0.077726349234581
186.12745666503906,-4.083678722381592,-0.07492485642433167,179.92227172851562
186.12271118164062,-7.583675384521484,-0.07492485642433167,179.92227172851562
186.1179656982422,-11.083672523498535,-0.07492485642433167,179.92227172851562
186.11322021484375,-14.583669662475586,-0.07492485642433167,179.92227172851562
187.14645385742188,9.914952278137207,-0.07532399147748947,-0.077726349234581
187.14170837402344,6.414955139160156,-0.07532399147748947,-0.077726349234581
187.136962890625,2.9149582386016846,-0.07532399147748947,-0.077726349234581
187.13221740722656,-0.5850385427474976,-0.07532399147748947,-0.077726349234581
187.12745666503906,-4.08503532409668,-0.07532399147748947,179.92227172851562
187.12271118164062,-7.5850324630737305,-0.07532399147748947,179.92227172851562
187.1179656982422,-11.085029602050781,-0.07532399147748947,179.92227172851562
187.11322021484375,-14.585026741027832,-0.07532399147748947,179.92227172851562
188.14645385742188,9.913596153259277,-0.07572312653064728,-0.077726349234581
188.14170837402344,6.413599014282227,-0.07572312653064728,-0.077726349234581
188.136962890625,2.9136016368865967,-0.07572312653064728,-0.077726349234581
188.13221740722656,-0.5863951444625854,-0.07572312653064728,-0.077726349234581
188.12745666503906,-4.086391925811768,-0.07572312653064728,179.92227172851562
188.12271118164062,-7.58638858795166,-0.07572312653064728,179.92227172851562
188.1179656982422,-11.086385726928711,-0.07572312653064728,179.92227172851562
188.11322021484375,-14.586382865905762,-0.07572312653064728,179.92227172851562
189.14645385742188,9.912239074707031,-0.07612226158380508,-0.077726349234581
189.14170837402344,6.4122419357299805,-0.07612226158380508,-0.077726349234581
189.136962890625,2.912245035171509,-0.07612226158380508,-0.077726349234581
189.13221740722656,-0.5877517461776733,-0.07612226158380508,-0.077726349234581
189.12745666503906,-4.0877485275268555,-0.07612226158380508,179.92227172851562
189.12271118164062,-7.587745666503906,-0.07612226158380508,179.92227172851562
189.1179656982422,-11.087742805480957,-0.07612226158380508,179.92227172851562
189.11322021484375,-14.587739944458008,-0.07612226158380508,179.92227172851562
190.1464385986328,9.910882949829102,-0.07652139663696289,-0.077726349234581
190.14169311523438,6.410885810852051,-0.07652139663696289,-0.077726349234581
190.13694763183594,2.910888433456421,-0.07652139663696289,-0.077726349234581
190.1322021484375,-0.5891083478927612,-0.07652139663696289,-0.077726349234581
190.12744140625,-4.089105129241943,-0.07652139663696289,179.92227172851562
190.12269592285156,-7.589101791381836,-0.07652139663696289,179.92227172851562
190.11795043945312,-11.089098930358887,-0.07652139663696289,179.92227172851562
190.1132049560547,-14.589096069335938,-0.07652139663696289,179.92227172851562
191.1464385986328,9.909525871276855,-0.0769205391407013,-0.077726349234581
191.14169311523438,6.409528732299805,-0.0769205391407013,-0.077726349234581
191.13694763183594,2.909531831741333,-0.0769205391407013,-0.077726349234581
191.1322021484375,-0.5904649496078491,-0.0769205391407013,-0.077726349234581
191.12744140625,-4.090461730957031,-0.0769205391407013,179.92227172851562
191.12269592285156,-7.590458869934082,-0.0769205391407013,179.92227172851562
191.11795043945312,-11.090456008911133,-0.0769205391407013,179.92227172851562
191.1132049560547,-14.590453147888184,-0.0769205391407013,179.92227172851562
192.1464385986328,9.908169746398926,-0.0773196741938591,-0.077726349234581
192.14169311523438,6.408172607421875,-0.0773196741938591,-0.077726349234581
192.13694763183594,2.908175230026245,-0.0773196741938591,-0.077726349234581
192.1322021484375,-0.591821551322937,-0.0773196741938591,-0.077726349234581
192.12744140625,-4.091818332672119,-0.0773196741938591,179.92227172851562
192.12269592285156,-7.591814994812012,-0.0773196741938591,179.92227172851562
192.11795043945312,-11.091812133789062,-0.0773196741938591,179.92227172851562
192.1132049560547,-14.591809272766113,-0.0773196741938591,179.92227172851562
193.1464385986328,9.90681266784668,-0.0777188092470169,-0.077726349234581
193.14169311523438,6.406815528869629,-0.0777188092470169,-0.077726349234581
193.13694763183594,2.9068186283111572,-0.0777188092470169,-0.077726349234581
193.1322021484375,-0.5931781530380249,-0.0777188092470169,-0.077726349234581
193.12744140625,-4.093174934387207,-0.0777188092470169,179.92227172851562
193.12269592285156,-7.593172073364258,-0.0777188092470169,179.92227172851562
193.11795043945312,-11.093169212341309,-0.0777188092470169,179.92227172851562
193.1132049560547,-14.59316635131836,-0.0777188092470169,179.92227172851562
194.1464385986328,9.90545654296875,-0.07811794430017471,-0.077726349234581
194.14169311523438,6.405459403991699,-0.07811794430017471,-0.077726349234581
194.13694763183594,2.9054622650146484,-0.07811794430017471,-0.077726349234581
194.1322021484375,-0.5945345163345337,-0.07811794430017471,-0.077726349234581
194.12744140625,-4.094531536102295,-0.07811794430017471,179.92227172851562
194.12269592285156,-7.5945281982421875,-0.07811794430017471,179.92227172851562
194.11795043945312,-11.094525337219238,-0.07811794430017471,179.92227172851562
194.1132049560547,-14.594522476196289,-0.07811794430017471,179.92227172851562
195.1464385986328,9.90410041809082,-0.07851707935333252,-0.077726349234581
195.14169311523438,6.404102802276611,-0.07851707935333252,-0.077726349234581
195.13694763183594,2.9041056632995605,-0.07851707935333252,-0.077726349234581
195.1322021484375,-0.5958911180496216,-0.07851707935333252,-0.077726349234581
195.12744140625,-4.095888137817383,-0.07851707935333252,179.92227172851562
195.12269592285156,-7.595884799957275,-0.07851707935333252,179.92227172851562
195.11795043945312,-11.095882415771484,-0.07851707935333252,179.92227172851562
195.1132049560547,-14.595878601074219,-0.07851707935333252,179.92227172851562
196.1464385986328,9.902743339538574,-0.07891621440649033,-0.077726349234581
196.14169311523438,6.402746200561523,-0.07891621440649033,-0.077726349234581
196.13694763183594,2.9027490615844727,-0.07891621440649033,-0.077726349234581
196.1322021484375,-0.5972477197647095,-0.07891621440649033,-0.077726349234581
196.12744140625,-4.097244739532471,-0.07891621440649033,179.92227172851562
196.12269592285156,-7.597241401672363,-0.07891621440649033,179.92227172851562
196.11795043945312,-11.097238540649414,-0.07891621440649033,179.92227172851562
196.1132049560547,-14.597235679626465,-0.07891621440649033,179.92227172851562
197.1464385986328,9.901386260986328,-0.07931534945964813,-0.077726349234581
197.14169311523438,6.4013895988464355,-0.07931534945964813,-0.077726349234581
197.13694763183594,2.9013924598693848,-0.07931534945964813,-0.077726349234581
197.1322021484375,-0.5986043214797974,-0.07931534945964813,-0.077726349234581
197.12744140625,-4.098601341247559,-0.07931534945964813,179.92227172851562
197.12269592285156,-7.598598003387451,-0.07931534945964813,179.92227172851562
197.11795043945312,-11.098594665527344,-0.07931534945964813,179.92227172851562
197.1132049560547,-14.598592758178711,-0.07931534945964813,179.92227172851562
198.1464385986328,9.900030136108398,-0.07971448451280594,-0.077726349234581
198.14169311523438,6.400032997131348,-0.07971448451280594,-0.077726349234581
198.13694763183594,2.900035858154297,-0.07971448451280594,-0.077726349234581
198.1322021484375,-0.5999609231948853,-0.07971448451280594,-0.077726349234581
198.12744140625,-4.0999579429626465,-0.07971448451280594,179.92227172851562
198.12269592285156,-7.599954605102539,-0.07971448451280594,179.92227172851562
198.11795043945312,-11.09995174407959,-0.07971448451280594,179.92227172851562
198.1132049560547,-14.59994888305664,-0.07971448451280594,179.92227172851562
199.1464385986328,9.898674011230469,-0.08011361956596375,-0.077726349234581
199.14169311523438,6.39867639541626,-0.08011361956596375,-0.077726349234581
199.13694763183594,2.898679256439209,-0.08011361956596375,-0.077726349234581
199.1322021484375,-0.6013175249099731,-0.08011361956596375,-0.077726349234581
199.12744140625,-4.101314544677734,-0.08011361956596375,179.92227172851562
199.12269592285156,-7.601311206817627,-0.08011361956596375,179.92227172851562
199.11795043945312,-11.101308822631836,-0.08011361956596375,179.92227172851562
199.1132049560547,-14.60130500793457,-0.08011361956596375,179.92227172851562
200.1464385986328,9.897316932678223,-0.08051275461912155,-0.077726349234581
200.14169311523438,6.397319793701172,-0.08051275461912155,-0.077726349234581
200.13694763183594,2.897322654724121,-0.08051275461912155,-0.077726349234581
200.1322021484375,-0.602674126625061,-0.08051275461912155,-0.077726349234581
200.12744140625,-4.102671146392822,-0.08051275461912155,179.92227172851562
200.12269592285156,-7.602667808532715,-0.08051275461912155,179.92227172851562
200.11795043945312,-11.102664947509766,-0.08051275461912155,179.92227172851562
200.1132049560547,-14.602662086486816,-0.08051275461912155,179.92227172851562
201.1464385986328,9.895959854125977,-0.08091188967227936,-0.077726349234581
201.14169311523438,6.395963191986084,-0.08091188967227936,-0.077726349234581
201.13694763183594,2.895966053009033,-0.08091188967227936,-0.077726349234581
201.1322021484375,-0.6040307283401489,-0.08091188967227936,-0.077726349234581
201.12744140625,-4.10402774810791,-0.08091188967227936,179.92227172851562
201.12269592285156,-7.604024410247803,-0.08091188967227936,179.92227172851562
201.11795043945312,-11.104021072387695,-0.08091188967227936,179.92227172851562
201.1132049560547,-14.604019165039062,-0.08091188967227936,179.92227172851562
202.1464385986328,9.894603729248047,-0.08131102472543716,-0.077726349234581
202.14169311523438,6.394606590270996,-0.08131102472543716,-0.077726349234581
202.13694763183594,2.8946094512939453,-0.08131102472543716,-0.077726349234581
202.1322021484375,-0.6053873300552368,-0.08131102472543716,-0.077726349234581
202.12744140625,-4.105384349822998,-0.08131102472543716,179.92227172851562
202.12269592285156,-7.605381011962891,-0.08131102472543716,179.92227172851562
202.11795043945312,-11.105378150939941,-0.08131102472543716,179.92227172851562
202.1132049560547,-14.605375289916992,-0.08131102472543716,179.92227172851562
203.1464385986328,9.893247604370117,-0.08171015977859497,-0.077726349234581
203.14169311523438,6.393249988555908,-0.08171015977859497,-0.077726349234581
203.13694763183594,2.8932528495788574,-0.08171015977859497,-0.077726349234581
203.1322021484375,-0.6067439317703247,-0.08171015977859497,-0.077726349234581
203.12744140625,-4.106740951538086,-0.08171015977859497,179.92227172851562
203.12269592285156,-7.6067376136779785,-0.08171015977859497,179.92227172851562
203.11795043945312,-11.106735229492188,-0.08171015977859497,179.92227172851562
203.1132049560547,-14.606731414794922,-0.08171015977859497,179.92227172851562
204.1464385986328,9.891890525817871,-0.08210929483175278,-0.077726349234581
204.14169311523438,6.39189338684082,-0.08210929483175278,-0.077726349234581
204.13694763183594,2.8918962478637695,-0.08210929483175278,-0.077726349234581
204.1322021484375,-0.6081005334854126,-0.08210929483175278,-0.077726349234581
204.12744140625,-4.108097553253174,-0.08210929483175278,179.92227172851562
204.12269592285156,-7.608094215393066,-0.08210929483175278,179.92227172851562
204.11795043945312,-11.108091354370117,-0.08210929483175278,179.92227172851562
204.1132049560547,-14.608088493347168,-0.08210929483175278,179.92227172851562
205.1464385986328,9.890533447265625,-0.08250842988491058,-0.077726349234581
205.14169311523438,6.390536785125732,-0.08250842988491058,-0.077726349234581
205.13694763183594,2.8905396461486816,-0.08250842988491058,-0.077726349234581
205.1322021484375,-0.6094571352005005,-0.08250842988491058,-0.077726349234581
205.12744140625,-4.109454154968262,-0.08250842988491058,179.92227172851562
205.12269592285156,-7.609450817108154,-0.08250842988491058,179.92227172851562
205.11795043945312,-11.109447479248047,-0.08250842988491058,179.92227172851562
205.1132049560547,-14.609445571899414,-0.08250842988491058,179.92227172851562
206.1464385986328,9.889177322387695,-0.08290756493806839,-0.077726349234581
206.14169311523438,6.3891801834106445,-0.08290756493806839,-0.077726349234581
206.13694763183594,2.8891830444335938,-0.08290756493806839,-0.077726349234581
206.1322021484375,-0.6108137369155884,-0.08290756493806839,-0.077726349234581
206.12744140625,-4.11081075668335,-0.08290756493806839,179.92227172851562
206.12269592285156,-7.610807418823242,-0.08290756493806839,179.92227172851562
206.11795043945312,-11.110804557800293,-0.08290756493806839,179.92227172851562
206.1132049560547,-14.610801696777344,-0.08290756493806839,179.92227172851562
207.14642333984375,9.887821197509766,-0.0833067074418068,-0.077726349234581
207.1416778564453,6.387824058532715,-0.0833067074418068,-0.077726349234581
207.13693237304688,2.887826681137085,-0.0833067074418068,-0.077726349234581
207.13218688964844,-0.6121701002120972,-0.0833067074418068,-0.077726349234581
207.12742614746094,-4.112166881561279,-0.0833067074418068,179.92227172851562
207.1226806640625,-7.612163543701172,-0.0833067074418068,179.92227172851562
207.11793518066406,-11.112160682678223,-0.0833067074418068,179.92227172851562
207.11318969726562,-14.612157821655273,-0.0833067074418068,179.92227172851562
208.14642333984375,9.88646411895752,-0.0837058424949646,-0.077726349234581
208.1416778564453,6.386466979980469,-0.0837058424949646,-0.077726349234581
208.13693237304688,2.886470079421997,-0.0837058424949646,-0.077726349234581
208.13218688964844,-0.6135267019271851,-0.0837058424949646,-0.077726349234581
208.12742614746094,-4.113523483276367,-0.0837058424949646,179.92227172851562
208.1226806640625,-7.613520622253418,-0.0837058424949646,179.92227172851562
208.11793518066406,-11.113517761230469,-0.0837058424949646,179.92227172851562
208.11318969726562,-14.61351490020752,-0.0837058424949646,179.92227172851562
209.14642333984375,9.88510799407959,-0.0841049775481224,-0.077726349234581
209.1416778564453,6.385110855102539,-0.0841049775481224,-0.077726349234581
209.13693237304688,2.885113477706909,-0.0841049775481224,-0.077726349234581
209.13218688964844,-0.614883303642273,-0.0841049775481224,-0.077726349234581
209.12742614746094,-4.114880084991455,-0.0841049775481224,179.92227172851562
209.1226806640625,-7.614876747131348,-0.0841049775481224,179.92227172851562
209.11793518066406,-11.114873886108398,-0.0841049775481224,179.92227172851562
209.11318969726562,-14.61487102508545,-0.0841049775481224,179.92227172851562
210.14642333984375,9.883750915527344,-0.08450411260128021,-0.077726349234581
210.1416778564453,6.383753776550293,-0.08450411260128021,-0.077726349234581
210.13693237304688,2.8837568759918213,-0.08450411260128021,-0.077726349234581
210.13218688964844,-0.6162399053573608,-0.08450411260128021,-0.077726349234581
210.12742614746094,-4.116236686706543,-0.08450411260128021,179.92227172851562
210.1226806640625,-7.616233825683594,-0.08450411260128021,179.92227172851562
210.11793518066406,-11.116230964660645,-0.08450411260128021,179.92227172851562
210.11318969726562,-14.616228103637695,-0.08450411260128021,179.92227172851562
211.14642333984375,9.882394790649414,-0.08490324765443802,-0.077726349234581
211.1416778564453,6.382397651672363,-0.08490324765443802,-0.077726349234581
211.13693237304688,2.8824002742767334,-0.08490324765443802,-0.077726349234581
211.13218688964844,-0.6175965070724487,-0.08490324765443802,-0.077726349234581
211.12742614746094,-4.117593288421631,-0.08490324765443802,179.92227172851562
211.1226806640625,-7.617589950561523,-0.08490324765443802,179.92227172851562
211.11793518066406,-11.117587089538574,-0.08490324765443802,179.92227172851562
211.11318969726562,-14.617584228515625,-0.08490324765443802,179.92227172851562
212.14642333984375,9.881037712097168,-0.08530238270759583,-0.077726349234581
212.1416778564453,6.381040573120117,-0.08530238270759583,-0.077726349234581
212.13693237304688,2.8810436725616455,-0.08530238270759583,-0.077726349234581
212.13218688964844,-0.6189531087875366,-0.08530238270759583,-0.077726349234581
212.12742614746094,-4.118949890136719,-0.08530238270759583,179.92227172851562
212.1226806640625,-7.6189470291137695,-0.08530238270759583,179.92227172851562
212.11793518066406,-11.11894416809082,-0.08530238270759583,179.92227172851562
212.11318969726562,-14.618941307067871,-0.08530238270759583,179.92227172851562
213.14642333984375,9.879681587219238,-0.08570151776075363,-0.077726349234581
213.1416778564453,6.3796844482421875,-0.08570151776075363,-0.077726349234581
213.13693237304688,2.8796870708465576,-0.08570151776075363,-0.077726349234581
213.13218688964844,-0.6203097105026245,-0.08570151776075363,-0.077726349234581
213.12742614746094,-4.120306491851807,-0.08570151776075363,179.92227172851562
213.1226806640625,-7.620303153991699,-0.08570151776075363,179.92227172851562
213.11793518066406,-11.12030029296875,-0.08570151776075363,179.92227172851562
213.11318969726562,-14.6202974319458,-0.08570151776075363,179.92227172851562
214.14642333984375,9.878324508666992,-0.08610065281391144,-0.077726349234581
214.1416778564453,6.378327369689941,-0.08610065281391144,-0.077726349234581
214.13693237304688,2.8783304691314697,-0.08610065281391144,-0.077726349234581
214.13218688964844,-0.6216663122177124,-0.08610065281391144,-0.077726349234581
214.12742614746094,-4.1216630935668945,-0.08610065281391144,179.92227172851562
214.1226806640625,-7.621660232543945,-0.08610065281391144,179.92227172851562
214.11793518066406,-11.121657371520996,-0.08610065281391144,179.92227172851562
214.11318969726562,-14.621654510498047,-0.08610065281391144,179.92227172851562
215.14642333984375,9.876968383789062,-0.08649978786706924,-0.077726349234581
215.1416778564453,6.376971244812012,-0.08649978786706924,-0.077726349234581
215.13693237304688,2.876973867416382,-0.08649978786706924,-0.077726349234581
215.13218688964844,-0.6230229139328003,-0.08649978786706924,-0.077726349234581
215.12742614746094,-4.123019695281982,-0.08649978786706924,179.92227172851562
215.1226806640625,-7.623016357421875,-0.08649978786706924,179.92227172851562
215.11793518066406,-11.123013496398926,-0.08649978786706924,179.92227172851562
215.11318969726562,-14.623010635375977,-0.08649978786706924,179.92227172851562
216.14642333984375,9.875612258911133,-0.08689892292022705,-0.077726349234581
216.1416778564453,6.375614643096924,-0.08689892292022705,-0.077726349234581
216.13693237304688,2.875617504119873,-0.08689892292022705,-0.077726349234581
216.13218688964844,-0.6243792772293091,-0.08689892292022705,-0.077726349234581
216.12742614746094,-4.12437629699707,-0.08689892292022705,179.92227172851562
216.1226806640625,-7.624372959136963,-0.08689892292022705,179.92227172851562
216.11793518066406,-11.124370574951172,-0.08689892292022705,179.92227172851562
216.11318969726562,-14.624366760253906,-0.08689892292022705,179.92227172851562
217.14642333984375,9.874255180358887,-0.08729805797338486,-0.077726349234581
217.1416778564453,6.374258041381836,-0.08729805797338486,-0.077726349234581
217.13693237304688,2.874260902404785,-0.08729805797338486,-0.077726349234581
217.13218688964844,-0.625735878944397,-0.08729805797338486,-0.077726349234581
217.12742614746094,-4.125732898712158,-0.08729805797338486,179.92227172851562
217.1226806640625,-7.625729560852051,-0.08729805797338486,179.92227172851562
217.11793518066406,-11.125726699829102,-0.08729805797338486,179.92227172851562
217.11318969726562,-14.625723838806152,-0.08729805797338486,179.92227172851562
218.14642333984375,9.87289810180664,-0.08769719302654266,-0.077726349234581
218.1416778564453,6.372901439666748,-0.08769719302654266,-0.077726349234581
218.13693237304688,2.8729043006896973,-0.08769719302654266,-0.077726349234581
218.13218688964844,-0.6270924806594849,-0.08769719302654266,-0.077726349234581
218.12742614746094,-4.127089500427246,-0.08769719302654266,179.92227172851562
218.1226806640625,-7.627086162567139,-0.08769719302654266,179.92227172851562
218.11793518066406,-11.127082824707031,-0.08769719302654266,179.92227172851562
218.11318969726562,-14.627080917358398,-0.08769719302654266,179.92227172851562
219.14642333984375,9.871541976928711,-0.08809632807970047,-0.077726349234581
219.1416778564453,6.37154483795166,-0.08809632807970047,-0.077726349234581
219.13693237304688,2.8715476989746094,-0.08809632807970047,-0.077726349234581
219.13218688964844,-0.6284490823745728,-0.08809632807970047,-0.077726349234581
219.12742614746094,-4.128446102142334,-0.08809632807970047,179.92227172851562
219.1226806640625,-7.628442764282227,-0.08809632807970047,179.92227172851562
219.11793518066406,-11.128439903259277,-0.08809632807970047,179.92227172851562
219.11318969726562,-14.628437042236328,-0.08809632807970047,179.92227172851562
220.14642333984375,9.870185852050781,-0.08849546313285828,-0.077726349234581
220.1416778564453,6.370188236236572,-0.08849546313285828,-0.077726349234581
220.13693237304688,2.8701910972595215,-0.08849546313285828,-0.077726349234581
220.13218688964844,-0.6298056840896606,-0.08849546313285828,-0.077726349234581
220.12742614746094,-4.129802703857422,-0.08849546313285828,179.92227172851562
220.1226806640625,-7.6297993659973145,-0.08849546313285828,179.92227172851562
220.11793518066406,-11.129796981811523,-0.08849546313285828,179.92227172851562
220.11318969726562,-14.629793167114258,-0.08849546313285828,179.92227172851562
221.14642333984375,9.868828773498535,-0.08889459818601608,-0.077726349234581
221.1416778564453,6.368831634521484,-0.08889459818601608,-0.077726349234581
221.13693237304688,2.8688344955444336,-0.08889459818601608,-0.077726349234581
221.13218688964844,-0.6311622858047485,-0.08889459818601608,-0.077726349234581
221.12742614746094,-4.13115930557251,-0.08889459818601608,179.92227172851562
221.1226806640625,-7.631155967712402,-0.08889459818601608,179.92227172851562
221.11793518066406,-11.131153106689453,-0.08889459818601608,179.92227172851562
221.11318969726562,-14.631150245666504,-0.08889459818601608,179.92227172851562
222.14642333984375,9.867471694946289,-0.08929374068975449,-0.077726349234581
222.1416778564453,6.3674750328063965,-0.08929374068975449,-0.077726349234581
222.13693237304688,2.8674778938293457,-0.08929374068975449,-0.077726349234581
222.13218688964844,-0.6325188875198364,-0.08929374068975449,-0.077726349234581
222.12742614746094,-4.132515907287598,-0.08929374068975449,179.92227172851562
222.1226806640625,-7.63251256942749,-0.08929374068975449,179.92227172851562
222.11793518066406,-11.132509231567383,-0.08929374068975449,179.92227172851562
222.11318969726562,-14.63250732421875,-0.08929374068975449,179.92227172851562
223.1464080810547,9.86611557006836,-0.08969287574291229,-0.077726349234581
223.14166259765625,6.366118431091309,-0.08969287574291229,-0.077726349234581
223.1369171142578,2.866121292114258,-0.08969287574291229,-0.077726349234581
223.13217163085938,-0.6338754892349243,-0.08969287574291229,-0.077726349234581
223.12741088867188,-4.1338725090026855,-0.08969287574291229,179.92227172851562
223.12266540527344,-7.633869171142578,-0.08969287574291229,179.92227172851562
223.117919921875,-11.133866310119629,-0.08969287574291229,179.92227172851562
223.11317443847656,-14.63386344909668,-0.08969287574291229,179.92227172851562
224.1464080810547,9.86475944519043,-0.0900920107960701,-0.077726349234581
224.14166259765625,6.364761829376221,-0.0900920107960701,-0.077726349234581
224.1369171142578,2.86476469039917,-0.0900920107960701,-0.077726349234581
224.13217163085938,-0.6352320909500122,-0.0900920107960701,-0.077726349234581
224.12741088867188,-4.135229110717773,-0.0900920107960701,179.92227172851562
224.12266540527344,-7.635225772857666,-0.0900920107960701,179.92227172851562
224.117919921875,-11.135223388671875,-0.0900920107960701,179.92227172851562
224.11317443847656,-14.63521957397461,-0.0900920107960701,179.92227172851562
225.1464080810547,9.863402366638184,-0.0904911458492279,-0.077726349234581
225.14166259765625,6.363405227661133,-0.0904911458492279,-0.077726349234581
225.1369171142578,2.863408088684082,-0.0904911458492279,-0.077726349234581
225.13217163085938,-0.6365886926651001,-0.0904911458492279,-0.077726349234581
225.12741088867188,-4.136585712432861,-0.0904911458492279,179.92227172851562
225.12266540527344,-7.636582374572754,-0.0904911458492279,179.92227172851562
225.117919921875,-11.136579513549805,-0.0904911458492279,179.92227172851562
225.11317443847656,-14.636576652526855,-0.0904911458492279,179.92227172851562
226.1464080810547,9.862045288085938,-0.09089028090238571,-0.077726349234581
226.14166259765625,6.362048625946045,-0.09089028090238571,-0.077726349234581
226.1369171142578,2.862051486968994,-0.09089028090238571,-0.077726349234581
226.13217163085938,-0.637945294380188,-0.09089028090238571,-0.077726349234581
226.12741088867188,-4.137942314147949,-0.09089028090238571,179.92227172851562
226.12266540527344,-7.637938976287842,-0.09089028090238571,179.92227172851562
226.117919921875,-11.137935638427734,-0.09089028090238571,179.92227172851562
226.11317443847656,-14.637933731079102,-0.09089028090238571,179.92227172851562
227.1464080810547,9.860689163208008,-0.09128941595554352,-0.077726349234581
227.14166259765625,6.360692024230957,-0.09128941595554352,-0.077726349234581
227.1369171142578,2.8606948852539062,-0.09128941595554352,-0.077726349234581
227.13217163085938,-0.6393018960952759,-0.09128941595554352,-0.077726349234581
227.12741088867188,-4.139298915863037,-0.09128941595554352,179.92227172851562
227.12266540527344,-7.63929557800293,-0.09128941595554352,179.92227172851562
227.117919921875,-11.13929271697998,-0.09128941595554352,179.92227172851562
227.11317443847656,-14.639289855957031,-0.09128941595554352,179.92227172851562
228.1464080810547,9.859333038330078,-0.09168855100870132,-0.077726349234581
228.14166259765625,6.359335422515869,-0.09168855100870132,-0.077726349234581
228.1369171142578,2.8593382835388184,-0.09168855100870132,-0.077726349234581
228.13217163085938,-0.6406584978103638,-0.09168855100870132,-0.077726349234581
228.12741088867188,-4.140655517578125,-0.09168855100870132,179.92227172851562
228.12266540527344,-7.640652179718018,-0.09168855100870132,179.92227172851562
228.117919921875,-11.140649795532227,-0.09168855100870132,179.92227172851562
228.11317443847656,-14.640645980834961,-0.09168855100870132,179.92227172851562
229.1464080810547,9.857975959777832,-0.09208768606185913,-0.077726349234581
229.14166259765625,6.357978820800781,-0.09208768606185913,-0.077726349234581
229.1369171142578,2.8579819202423096,-0.09208768606185913,-0.077726349234581
229.13217163085938,-0.6420148611068726,-0.09208768606185913,-0.077726349234581
229.12741088867188,-4.142011642456055,-0.09208768606185913,179.92227172851562
229.12266540527344,-7.6420087814331055,-0.09208768606185913,179.92227172851562
229.117919921875,-11.142005920410156,-0.09208768606185913,179.92227172851562
229.11317443847656,-14.642003059387207,-0.09208768606185913,179.92227172851562
230.1464080810547,9.856619834899902,-0.09248682111501694,-0.077726349234581
230.14166259765625,6.356622695922852,-0.09248682111501694,-0.077726349234581
230.1369171142578,2.8566253185272217,-0.09248682111501694,-0.077726349234581
230.13217163085938,-0.6433714628219604,-0.09248682111501694,-0.077726349234581
230.12741088867188,-4.143368244171143,-0.09248682111501694,179.92227172851562
230.12266540527344,-7.643364906311035,-0.09248682111501694,179.92227172851562
230.117919921875,-11.143362045288086,-0.09248682111501694,179.92227172851562
230.11317443847656,-14.643359184265137,-0.09248682111501694,179.92227172851562
231.1464080810547,9.855262756347656,-0.09288595616817474,-0.077726349234581
231.14166259765625,6.3552656173706055,-0.09288595616817474,-0.077726349234581
231.1369171142578,2.855268716812134,-0.09288595616817474,-0.077726349234581
231.13217163085938,-0.6447280645370483,-0.09288595616817474,-0.077726349234581
231.12741088867188,-4.1447248458862305,-0.09288595616817474,179.92227172851562
231.12266540527344,-7.644721984863281,-0.09288595616817474,179.92227172851562
231.117919921875,-11.144719123840332,-0.09288595616817474,179.92227172851562
231.11317443847656,-14.644716262817383,-0.09288595616817474,179.92227172851562
232.1464080810547,9.853906631469727,-0.09328509122133255,-0.077726349234581
232.14166259765625,6.353909492492676,-0.09328509122133255,-0.077726349234581
232.1369171142578,2.853912115097046,-0.09328509122133255,-0.077726349234581
232.13217163085938,-0.6460846662521362,-0.09328509122133255,-0.077726349234581
232.12741088867188,-4.146081447601318,-0.09328509122133255,179.92227172851562
232.12266540527344,-7.646078109741211,-0.09328509122133255,179.92227172851562
232.117919921875,-11.146075248718262,-0.09328509122133255,179.92227172851562
232.11317443847656,-14.646072387695312,-0.09328509122133255,179.92227172851562
233.1464080810547,9.85254955291748,-0.09368422627449036,-0.077726349234581
233.14166259765625,6.35255241394043,-0.09368422627449036,-0.077726349234581
233.1369171142578,2.852555513381958,-0.09368422627449036,-0.077726349234581
233.13217163085938,-0.6474412679672241,-0.09368422627449036,-0.077726349234581
233.12741088867188,-4.147438049316406,-0.09368422627449036,179.92227172851562
233.12266540527344,-7.647435188293457,-0.09368422627449036,179.92227172851562
233.117919921875,-11.147432327270508,-0.09368422627449036,179.92227172851562
233.11317443847656,-14.647429466247559,-0.09368422627449036,179.92227172851562
234.1464080810547,9.85119342803955,-0.09408336132764816,-0.077726349234581
234.14166259765625,6.3511962890625,-0.09408336132764816,-0.077726349234581
234.1369171142578,2.85119891166687,-0.09408336132764816,-0.077726349234581
234.13217163085938,-0.648797869682312,-0.09408336132764816,-0.077726349234581
234.12741088867188,-4.148794651031494,-0.09408336132764816,179.92227172851562
234.12266540527344,-7.648791313171387,-0.09408336132764816,179.92227172851562
234.117919921875,-11.148788452148438,-0.09408336132764816,179.92227172851562
234.11317443847656,-14.648785591125488,-0.09408336132764816,179.92227172851562
235.1464080810547,9.849836349487305,-0.09448249638080597,-0.077726349234581
235.14166259765625,6.349839210510254,-0.09448249638080597,-0.077726349234581
235.1369171142578,2.8498423099517822,-0.09448249638080597,-0.077726349234581
235.13217163085938,-0.6501544713973999,-0.09448249638080597,-0.077726349234581
235.12741088867188,-4.150151252746582,-0.09448249638080597,179.92227172851562
235.12266540527344,-7.650148391723633,-0.09448249638080597,179.92227172851562
235.117919921875,-11.150145530700684,-0.09448249638080597,179.92227172851562
235.11317443847656,-14.650142669677734,-0.09448249638080597,179.92227172851562
236.1464080810547,9.848480224609375,-0.09488163143396378,-0.077726349234581
236.14166259765625,6.348483085632324,-0.09488163143396378,-0.077726349234581
236.1369171142578,2.8484857082366943,-0.09488163143396378,-0.077726349234581
236.13217163085938,-0.6515110731124878,-0.09488163143396378,-0.077726349234581
236.12741088867188,-4.15150785446167,-0.09488163143396378,179.92227172851562
236.12266540527344,-7.6515045166015625,-0.09488163143396378,179.92227172851562
236.117919921875,-11.151501655578613,-0.09488163143396378,179.92227172851562
236.11317443847656,-14.651498794555664,-0.09488163143396378,179.92227172851562
237.1464080810547,9.847123146057129,-0.09528077393770218,-0.077726349234581
237.14166259765625,6.347126007080078,-0.09528077393770218,-0.077726349234581
237.1369171142578,2.8471291065216064,-0.09528077393770218,-0.077726349234581
237.13217163085938,-0.6528676748275757,-0.09528077393770218,-0.077726349234581
237.12741088867188,-4.152864456176758,-0.09528077393770218,179.92227172851562
237.12266540527344,-7.652861595153809,-0.09528077393770218,179.92227172851562
237.117919921875,-11.15285873413086,-0.09528077393770218,179.92227172851562
237.11317443847656,-14.65285587310791,-0.09528077393770218,179.92227172851562
238.1464080810547,9.8457670211792,-0.09567990899085999,-0.077726349234581
238.14166259765625,6.345769882202148,-0.09567990899085999,-0.077726349234581
238.1369171142578,2.8457725048065186,-0.09567990899085999,-0.077726349234581
238.13217163085938,-0.6542242765426636,-0.09567990899085999,-0.077726349234581
238.12741088867188,-4.154221057891846,-0.09567990899085999,179.92227172851562
238.12266540527344,-7.654217720031738,-0.09567990899085999,179.92227172851562
238.117919921875,-11.154214859008789,-0.09567990899085999,179.92227172851562
238.11317443847656,-14.65421199798584,-0.09567990899085999,179.92227172851562
239.1464080810547,9.844409942626953,-0.09607904404401779,-0.077726349234581
239.14166259765625,6.3444132804870605,-0.09607904404401779,-0.077726349234581
239.1369171142578,2.8444161415100098,-0.09607904404401779,-0.077726349234581
239.13217163085938,-0.6555806398391724,-0.09607904404401779,-0.077726349234581
239.12741088867188,-4.155577659606934,-0.09607904404401779,179.92227172851562
239.12266540527344,-7.655574321746826,-0.09607904404401779,179.92227172851562
239.117919921875,-11.155570983886719,-0.09607904404401779,179.92227172851562
239.11317443847656,-14.655569076538086,-0.09607904404401779,179.92227172851562
240.14639282226562,9.843053817749023,-0.0964781790971756,-0.077726349234581
240.1416473388672,6.343056678771973,-0.0964781790971756,-0.077726349234581
240.13690185546875,2.843059539794922,-0.0964781790971756,-0.077726349234581
240.1321563720703,-0.6569372415542603,-0.0964781790971756,-0.077726349234581
240.1273956298828,-4.1569342613220215,-0.0964781790971756,179.92227172851562
240.12265014648438,-7.656930923461914,-0.0964781790971756,179.92227172851562
240.11790466308594,-11.156928062438965,-0.0964781790971756,179.92227172851562
240.1131591796875,-14.656925201416016,-0.0964781790971756,179.92227172851562
241.14639282226562,9.841697692871094,-0.0968773141503334,-0.077726349234581
241.1416473388672,6.341700077056885,-0.0968773141503334,-0.077726349234581
241.13690185546875,2.841702938079834,-0.0968773141503334,-0.077726349234581
241.1321563720703,-0.6582938432693481,-0.0968773141503334,-0.077726349234581
241.1273956298828,-4.158290863037109,-0.0968773141503334,179.92227172851562
241.12265014648438,-7.658287525177002,-0.0968773141503334,179.92227172851562
241.11790466308594,-11.158285140991211,-0.0968773141503334,179.92227172851562
241.1131591796875,-14.658281326293945,-0.0968773141503334,179.92227172851562
242.14639282226562,9.840340614318848,-0.09727644920349121,-0.077726349234581
242.1416473388672,6.340343475341797,-0.09727644920349121,-0.077726349234581
242.13690185546875,2.840346336364746,-0.09727644920349121,-0.077726349234581
242.1321563720703,-0.659650444984436,-0.09727644920349121,-0.077726349234581
242.1273956298828,-4.159647464752197,-0.09727644920349121,179.92227172851562
242.12265014648438,-7.65964412689209,-0.09727644920349121,179.92227172851562
242.11790466308594,-11.15964126586914,-0.09727644920349121,179.92227172851562
242.1131591796875,-14.659638404846191,-0.09727644920349121,179.92227172851562
243.14639282226562,9.838983535766602,-0.09767558425664902,-0.077726349234581
243.1416473388672,6.338986873626709,-0.09767558425664902,-0.077726349234581
243.13690185546875,2.838989734649658,-0.09767558425664902,-0.077726349234581
243.1321563720703,-0.6610070466995239,-0.09767558425664902,-0.077726349234581
243.1273956298828,-4.161004066467285,-0.09767558425664902,179.92227172851562
243.12265014648438,-7.661000728607178,-0.09767558425664902,179.92227172851562
243.11790466308594,-11.16099739074707,-0.09767558425664902,179.92227172851562
243.1131591796875,-14.660995483398438,-0.09767558425664902,179.92227172851562
244.14639282226562,9.837627410888672,-0.09807471930980682,-0.077726349234581
244.1416473388672,6.337630271911621,-0.09807471930980682,-0.077726349234581
244.13690185546875,2.8376331329345703,-0.09807471930980682,-0.077726349234581
244.1321563720703,-0.6623636484146118,-0.09807471930980682,-0.077726349234581
244.1273956298828,-4.162360668182373,-0.09807471930980682,179.92227172851562
244.12265014648438,-7.662357330322266,-0.09807471930980682,179.92227172851562
244.11790466308594,-11.162354469299316,-0.09807471930980682,179.92227172851562
244.1131591796875,-14.662351608276367,-0.09807471930980682,179.92227172851562
245.14639282226562,9.836271286010742,-0.09847385436296463,-0.077726349234581
245.1416473388672,6.336273670196533,-0.09847385436296463,-0.077726349234581
245.13690185546875,2.8362765312194824,-0.09847385436296463,-0.077726349234581
245.1321563720703,-0.6637202501296997,-0.09847385436296463,-0.077726349234581
245.1273956298828,-4.163717269897461,-0.09847385436296463,179.92227172851562
245.12265014648438,-7.6637139320373535,-0.09847385436296463,179.92227172851562
245.11790466308594,-11.163711547851562,-0.09847385436296463,179.92227172851562
245.1131591796875,-14.663707733154297,-0.09847385436296463,179.92227172851562
246.14639282226562,9.834914207458496,-0.09887298941612244,-0.077726349234581
246.1416473388672,6.334917068481445,-0.09887298941612244,-0.077726349234581
246.13690185546875,2.8349199295043945,-0.09887298941612244,-0.077726349234581
246.1321563720703,-0.6650768518447876,-0.09887298941612244,-0.077726349234581
246.1273956298828,-4.165073871612549,-0.09887298941612244,179.92227172851562
246.12265014648438,-7.665070533752441,-0.09887298941612244,179.92227172851562
246.11790466308594,-11.165067672729492,-0.09887298941612244,179.92227172851562
246.1131591796875,-14.665064811706543,-0.09887298941612244,179.92227172851562
247.14639282226562,9.83355712890625,-0.09927212446928024,-0.077726349234581
247.1416473388672,6.333560466766357,-0.09927212446928024,-0.077726349234581
247.13690185546875,2.8335633277893066,-0.09927212446928024,-0.077726349234581
247.1321563720703,-0.6664334535598755,-0.09927212446928024,-0.077726349234581
247.1273956298828,-4.166430473327637,-0.09927212446928024,179.92227172851562
247.12265014648438,-7.666427135467529,-0.09927212446928024,179.92227172851562
247.11790466308594,-11.166423797607422,-0.09927212446928024,179.92227172851562
247.1131591796875,-14.666421890258789,-0.09927212446928024,179.92227172851562
248.14639282226562,9.83220100402832,-0.09967125952243805,-0.077726349234581
248.1416473388672,6.3322038650512695,-0.09967125952243805,-0.077726349234581
248.13690185546875,2.8322067260742188,-0.09967125952243805,-0.077726349234581
248.1321563720703,-0.6677900552749634,-0.09967125952243805,-0.077726349234581
248.1273956298828,-4.167787075042725,-0.09967125952243805,179.92227172851562
248.12265014648438,-7.667783737182617,-0.09967125952243805,179.92227172851562
248.11790466308594,-11.167780876159668,-0.09967125952243805,179.92227172851562
248.1131591796875,-14.667778015136719,-0.09967125952243805,179.92227172851562
249.14639282226562,9.83084487915039,-0.10007039457559586,-0.077726349234581
249.1416473388672,6.330847263336182,-0.10007039457559586,-0.077726349234581
249.13690185546875,2.830850124359131,-0.10007039457559586,-0.077726349234581
249.1321563720703,-0.6691466569900513,-0.10007039457559586,-0.077726349234581
249.1273956298828,-4.1691436767578125,-0.10007039457559586,179.92227172851562
249.12265014648438,-7.669140338897705,-0.10007039457559586,179.92227172851562
249.11790466308594,-11.169137954711914,-0.10007039457559586,179.92227172851562
249.1131591796875,-14.669134140014648,-0.10007039457559586,179.92227172851562
250.14639282226562,9.829487800598145,-0.10046952962875366,-0.077726349234581
250.1416473388672,6.329490661621094,-0.10046952962875366,-0.077726349234581
250.13690185546875,2.829493522644043,-0.10046952962875366,-0.077726349234581
250.1321563720703,-0.6705032587051392,-0.10046952962875366,-0.077726349234581
250.1273956298828,-4.1705002784729,-0.10046952962875366,179.92227172851562
250.12265014648438,-7.670496940612793,-0.10046952962875366,179.92227172851562
250.11790466308594,-11.170494079589844,-0.10046952962875366,179.92227172851562
250.1131591796875,-14.670491218566895,-0.10046952962875366,179.92227172851562
251.14639282226562,9.828131675720215,-0.10086866468191147,-0.077726349234581
251.1416473388672,6.328134536743164,-0.10086866468191147,-0.077726349234581
251.13690185546875,2.828137159347534,-0.10086866468191147,-0.077726349234581
251.1321563720703,-0.671859622001648,-0.10086866468191147,-0.077726349234581
251.1273956298828,-4.17185640335083,-0.10086866468191147,179.92227172851562
251.12265014648438,-7.671853065490723,-0.10086866468191147,179.92227172851562
251.11790466308594,-11.171850204467773,-0.10086866468191147,179.92227172851562
251.1131591796875,-14.671847343444824,-0.10086866468191147,179.92227172851562
252.14639282226562,9.826774597167969,-0.10126779973506927,-0.077726349234581
252.1416473388672,6.326777458190918,-0.10126779973506927,-0.077726349234581
252.13690185546875,2.8267805576324463,-0.10126779973506927,-0.077726349234581
252.1321563720703,-0.6732162237167358,-0.10126779973506927,-0.077726349234581
252.1273956298828,-4.173213005065918,-0.10126779973506927,179.92227172851562
252.12265014648438,-7.673210144042969,-0.10126779973506927,179.92227172851562
252.11790466308594,-11.17320728302002,-0.10126779973506927,179.92227172851562
252.1131591796875,-14.67320442199707,-0.10126779973506927,179.92227172851562
253.14639282226562,9.825418472290039,-0.10166694223880768,-0.077726349234581
253.1416473388672,6.325421333312988,-0.10166694223880768,-0.077726349234581
253.13690185546875,2.8254239559173584,-0.10166694223880768,-0.077726349234581
253.1321563720703,-0.6745728254318237,-0.10166694223880768,-0.077726349234581
253.1273956298828,-4.174569606781006,-0.10166694223880768,179.92227172851562
253.12265014648438,-7.674566268920898,-0.10166694223880768,179.92227172851562
253.11790466308594,-11.17456340789795,-0.10166694223880768,179.92227172851562
253.1131591796875,-14.674560546875,-0.10166694223880768,179.92227172851562
254.14639282226562,9.824061393737793,-0.10206607729196548,-0.077726349234581
254.1416473388672,6.324064254760742,-0.10206607729196548,-0.077726349234581
254.13690185546875,2.8240673542022705,-0.10206607729196548,-0.077726349234581
254.1321563720703,-0.6759294271469116,-0.10206607729196548,-0.077726349234581
254.1273956298828,-4.175926208496094,-0.10206607729196548,179.92227172851562
254.12265014648438,-7.6759233474731445,-0.10206607729196548,179.92227172851562
254.11790466308594,-11.175920486450195,-0.10206607729196548,179.92227172851562
254.1131591796875,-14.675917625427246,-0.10206607729196548,179.92227172851562
255.14639282226562,9.822705268859863,-0.10246521234512329,-0.077726349234581
255.1416473388672,6.3227081298828125,-0.10246521234512329,-0.077726349234581
255.13690185546875,2.8227107524871826,-0.10246521234512329,-0.077726349234581
255.1321563720703,-0.6772860288619995,-0.10246521234512329,-0.077726349234581
255.1273956298828,-4.177282810211182,-0.10246521234512329,179.92227172851562
255.12265014648438,-7.677279472351074,-0.10246521234512329,179.92227172851562
255.11790466308594,-11.177276611328125,-0.10246521234512329,179.92227172851562
255.1131591796875,-14.677273750305176,-0.10246521234512329,179.92227172851562
256.1463928222656,9.821348190307617,-0.1028643473982811,-0.077726349234581
256.1416320800781,6.321351051330566,-0.1028643473982811,-0.077726349234581
256.1368713378906,2.8213541507720947,-0.1028643473982811,-0.077726349234581
256.13214111328125,-0.6786426305770874,-0.1028643473982811,-0.077726349234581
256.12738037109375,-4.1786394119262695,-0.1028643473982811,179.92227172851562
256.1226501464844,-7.67863655090332,-0.1028643473982811,179.92227172851562
256.1178894042969,-11.178633689880371,-0.1028643473982811,179.92227172851562
256.1131286621094,-14.678630828857422,-0.1028643473982811,179.92227172851562
257.1463928222656,9.819992065429688,-0.1032634824514389,-0.077726349234581
257.1416320800781,6.319994926452637,-0.1032634824514389,-0.077726349234581
257.1368713378906,2.819997549057007,-0.1032634824514389,-0.077726349234581
257.13214111328125,-0.6799992322921753,-0.1032634824514389,-0.077726349234581
257.12738037109375,-4.179996013641357,-0.1032634824514389,179.92227172851562
257.1226501464844,-7.67999267578125,-0.1032634824514389,179.92227172851562
257.1178894042969,-11.1799898147583,-0.1032634824514389,179.92227172851562
257.1131286621094,-14.679986953735352,-0.1032634824514389,179.92227172851562
258.1463928222656,9.818634986877441,-0.10366261750459671,-0.077726349234581
258.1416320800781,6.318637847900391,-0.10366261750459671,-0.077726349234581
258.1368713378906,2.818640947341919,-0.10366261750459671,-0.077726349234581
258.13214111328125,-0.6813558340072632,-0.10366261750459671,-0.077726349234581
258.12738037109375,-4.181352615356445,-0.10366261750459671,179.92227172851562
258.1226501464844,-7.681349754333496,-0.10366261750459671,179.92227172851562
258.1178894042969,-11.181346893310547,-0.10366261750459671,179.92227172851562
258.1131286621094,-14.681344032287598,-0.10366261750459671,179.92227172851562
259.1463928222656,9.817278861999512,-0.10406175255775452,-0.077726349234581
259.1416320800781,6.317281723022461,-0.10406175255775452,-0.077726349234581
259.1368713378906,2.817284345626831,-0.10406175255775452,-0.077726349234581
259.13214111328125,-0.6827124357223511,-0.10406175255775452,-0.077726349234581
259.12738037109375,-4.182709217071533,-0.10406175255775452,179.92227172851562
259.1226501464844,-7.682705879211426,-0.10406175255775452,179.92227172851562
259.1178894042969,-11.182703018188477,-0.10406175255775452,179.92227172851562
259.1131286621094,-14.682700157165527,-0.10406175255775452,179.92227172851562
260.1463928222656,9.815921783447266,-0.10446088761091232,-0.077726349234581
260.1416320800781,6.315924644470215,-0.10446088761091232,-0.077726349234581
260.1368713378906,2.815927743911743,-0.10446088761091232,-0.077726349234581
260.13214111328125,-0.684069037437439,-0.10446088761091232,-0.077726349234581
260.12738037109375,-4.184065818786621,-0.10446088761091232,179.92227172851562
260.1226501464844,-7.684062957763672,-0.10446088761091232,179.92227172851562
260.1178894042969,-11.184060096740723,-0.10446088761091232,179.92227172851562
260.1131286621094,-14.684057235717773,-0.10446088761091232,179.92227172851562
261.1463928222656,9.814565658569336,-0.10486002266407013,-0.077726349234581
261.1416320800781,6.314568519592285,-0.10486002266407013,-0.077726349234581
261.1368713378906,2.8145713806152344,-0.10486002266407013,-0.077726349234581
261.13214111328125,-0.6854254007339478,-0.10486002266407013,-0.077726349234581
261.12738037109375,-4.185422420501709,-0.10486002266407013,179.92227172851562
261.1226501464844,-7.685419082641602,-0.10486002266407013,179.92227172851562
261.1178894042969,-11.185416221618652,-0.10486002266407013,179.92227172851562
261.1131286621094,-14.685413360595703,-0.10486002266407013,179.92227172851562
262.1463928222656,9.813209533691406,-0.10525915771722794,-0.077726349234581
262.1416320800781,6.313211917877197,-0.10525915771722794,-0.077726349234581
262.1368713378906,2.8132147789001465,-0.10525915771722794,-0.077726349234581
262.13214111328125,-0.6867820024490356,-0.10525915771722794,-0.077726349234581
262.12738037109375,-4.186779022216797,-0.10525915771722794,179.92227172851562
262.1226501464844,-7.6867756843566895,-0.10525915771722794,179.92227172851562
262.1178894042969,-11.186773300170898,-0.10525915771722794,179.92227172851562
262.1131286621094,-14.686769485473633,-0.10525915771722794,179.92227172851562
263.1463928222656,9.81185245513916,-0.10565829277038574,-0.077726349234581
263.1416320800781,6.311855316162109,-0.10565829277038574,-0.077726349234581
263.1368713378906,2.8118581771850586,-0.10565829277038574,-0.077726349234581
263.13214111328125,-0.6881386041641235,-0.10565829277038574,-0.077726349234581
263.12738037109375,-4.188135623931885,-0.10565829277038574,179.92227172851562
263.1226501464844,-7.688132286071777,-0.10565829277038574,179.92227172851562
263.1178894042969,-11.188129425048828,-0.10565829277038574,179.92227172851562
263.1131286621094,-14.688126564025879,-0.10565829277038574,179.92227172851562
264.1463928222656,9.810495376586914,-0.10605742782354355,-0.077726349234581
264.1416320800781,6.3104987144470215,-0.10605742782354355,-0.077726349234581
264.1368713378906,2.8105015754699707,-0.10605742782354355,-0.077726349234581
264.13214111328125,-0.6894952058792114,-0.10605742782354355,-0.077726349234581
264.12738037109375,-4.189492225646973,-0.10605742782354355,179.92227172851562
264.1226501464844,-7.689488887786865,-0.10605742782354355,179.92227172851562
264.1178894042969,-11.189485549926758,-0.10605742782354355,179.92227172851562
264.1131286621094,-14.689483642578125,-0.10605742782354355,179.92227172851562
265.1463928222656,9.809139251708984,-0.10645656287670135,-0.077726349234581
265.1416320800781,6.309142112731934,-0.10645656287670135,-0.077726349234581
265.1368713378906,2.809144973754883,-0.10645656287670135,-0.077726349234581
265.13214111328125,-0.6908518075942993,-0.10645656287670135,-0.077726349234581
265.12738037109375,-4.1908488273620605,-0.10645656287670135,179.92227172851562
265.1226501464844,-7.690845489501953,-0.10645656287670135,179.92227172851562
265.1178894042969,-11.190842628479004,-0.10645656287670135,179.92227172851562
265.1131286621094,-14.690839767456055,-0.10645656287670135,179.92227172851562
266.1463928222656,9.807783126831055,-0.10685569792985916,-0.077726349234581
266.1416320800781,6.307785511016846,-0.10685569792985916,-0.077726349234581
266.1368713378906,2.807788372039795,-0.10685569792985916,-0.077726349234581
266.13214111328125,-0.6922084093093872,-0.10685569792985916,-0.077726349234581
266.12738037109375,-4.192205429077148,-0.10685569792985916,179.92227172851562
266.1226501464844,-7.692202091217041,-0.10685569792985916,179.92227172851562
266.1178894042969,-11.19219970703125,-0.10685569792985916,179.92227172851562
266.1131286621094,-14.692195892333984,-0.10685569792985916,179.92227172851562
267.1463928222656,9.806426048278809,-0.10725483298301697,-0.077726349234581
267.1416320800781,6.306428909301758,-0.10725483298301697,-0.077726349234581
267.1368713378906,2.806431770324707,-0.10725483298301697,-0.077726349234581
267.13214111328125,-0.6935650110244751,-0.10725483298301697,-0.077726349234581
267.12738037109375,-4.193562030792236,-0.10725483298301697,179.92227172851562
267.1226501464844,-7.693558692932129,-0.10725483298301697,179.92227172851562
267.1178894042969,-11.19355583190918,-0.10725483298301697,179.92227172851562
267.1131286621094,-14.69355297088623,-0.10725483298301697,179.92227172851562
268.1463928222656,9.805068969726562,-0.10765397548675537,-0.077726349234581
268.1416320800781,6.30507230758667,-0.10765397548675537,-0.077726349234581
268.1368713378906,2.805075168609619,-0.10765397548675537,-0.077726349234581
268.13214111328125,-0.694921612739563,-0.10765397548675537,-0.077726349234581
268.12738037109375,-4.194918632507324,-0.10765397548675537,179.92227172851562
268.1226501464844,-7.694915294647217,-0.10765397548675537,179.92227172851562
268.1178894042969,-11.19491195678711,-0.10765397548675537,179.92227172851562
268.1131286621094,-14.694910049438477,-0.10765397548675537,179.92227172851562
269.1463928222656,9.803712844848633,-0.10805311053991318,-0.077726349234581
269.1416320800781,6.303715705871582,-0.10805311053991318,-0.077726349234581
269.1368713378906,2.8037185668945312,-0.10805311053991318,-0.077726349234581
269.13214111328125,-0.6962782144546509,-0.10805311053991318,-0.077726349234581
269.12738037109375,-4.196275234222412,-0.10805311053991318,179.92227172851562
269.1226501464844,-7.696271896362305,-0.10805311053991318,179.92227172851562
269.1178894042969,-11.196269035339355,-0.10805311053991318,179.92227172851562
269.1131286621094,-14.696266174316406,-0.10805311053991318,179.92227172851562
270.1463928222656,9.802356719970703,-0.10845224559307098,-0.077726349234581
270.1416320800781,6.302359104156494,-0.10845224559307098,-0.077726349234581
270.1368713378906,2.8023619651794434,-0.10845224559307098,-0.077726349234581
270.13214111328125,-0.6976348161697388,-0.10845224559307098,-0.077726349234581
270.12738037109375,-4.1976318359375,-0.10845224559307098,179.92227172851562
270.1226501464844,-7.697628498077393,-0.10845224559307098,179.92227172851562
270.1178894042969,-11.197626113891602,-0.10845224559307098,179.92227172851562
270.1131286621094,-14.697622299194336,-0.10845224559307098,179.92227172851562
271.1463928222656,9.800999641418457,-0.10885138064622879,-0.077726349234581
271.1416320800781,6.301002502441406,-0.10885138064622879,-0.077726349234581
271.1368713378906,2.8010053634643555,-0.10885138064622879,-0.077726349234581
271.13214111328125,-0.6989914178848267,-0.10885138064622879,-0.077726349234581
271.12738037109375,-4.198988437652588,-0.10885138064622879,179.92227172851562
271.1226501464844,-7.6989850997924805,-0.10885138064622879,179.92227172851562
271.1178894042969,-11.198982238769531,-0.10885138064622879,179.92227172851562
271.1131286621094,-14.698979377746582,-0.10885138064622879,179.92227172851562
272.1463928222656,9.799642562866211,-0.1092505156993866,-0.077726349234581
272.1416320800781,6.299645900726318,-0.1092505156993866,-0.077726349234581
272.1368713378906,2.7996487617492676,-0.1092505156993866,-0.077726349234581
272.13214111328125,-0.7003480195999146,-0.1092505156993866,-0.077726349234581
272.12738037109375,-4.200345039367676,-0.1092505156993866,179.92227172851562
272.1226501464844,-7.700341701507568,-0.1092505156993866,179.92227172851562
272.1178894042969,-11.200338363647461,-0.1092505156993866,179.92227172851562
272.1131286621094,-14.700336456298828,-0.1092505156993866,179.92227172851562
273.1463928222656,9.798286437988281,-0.1096496507525444,-0.077726349234581
273.1416320800781,6.2982892990112305,-0.1096496507525444,-0.077726349234581
273.1368713378906,2.7982921600341797,-0.1096496507525444,-0.077726349234581
273.13214111328125,-0.7017046213150024,-0.1096496507525444,-0.077726349234581
273.12738037109375,-4.201701641082764,-0.1096496507525444,179.92227172851562
273.1226501464844,-7.701698303222656,-0.1096496507525444,179.92227172851562
273.1178894042969,-11.201695442199707,-0.1096496507525444,179.92227172851562
273.1131286621094,-14.701692581176758,-0.1096496507525444,179.92227172851562
274.1463928222656,9.796930313110352,-0.11004878580570221,-0.077726349234581
274.1416320800781,6.296933174133301,-0.11004878580570221,-0.077726349234581
274.1368713378906,2.796935796737671,-0.11004878580570221,-0.077726349234581
274.13214111328125,-0.7030609846115112,-0.11004878580570221,-0.077726349234581
274.12738037109375,-4.203057765960693,-0.11004878580570221,179.92227172851562
274.1226501464844,-7.703054428100586,-0.11004878580570221,179.92227172851562
274.1178894042969,-11.203051567077637,-0.11004878580570221,179.92227172851562
274.1131286621094,-14.703048706054688,-0.11004878580570221,179.92227172851562
275.1463928222656,9.795573234558105,-0.11044792085886002,-0.077726349234581
275.1416320800781,6.295576095581055,-0.11044792085886002,-0.077726349234581
275.1368713378906,2.795579195022583,-0.11044792085886002,-0.077726349234581
275.13214111328125,-0.7044175863265991,-0.11044792085886002,-0.077726349234581
275.12738037109375,-4.204414367675781,-0.11044792085886002,179.92227172851562
275.1226501464844,-7.704411506652832,-0.11044792085886002,179.92227172851562
275.1178894042969,-11.204408645629883,-0.11044792085886002,179.92227172851562
275.1131286621094,-14.704405784606934,-0.11044792085886002,179.92227172851562
276.1463928222656,9.794217109680176,-0.11084705591201782,-0.077726349234581
276.1416320800781,6.294219970703125,-0.11084705591201782,-0.077726349234581
276.1368713378906,2.794222593307495,-0.11084705591201782,-0.077726349234581
276.13214111328125,-0.705774188041687,-0.11084705591201782,-0.077726349234581
276.12738037109375,-4.205770969390869,-0.11084705591201782,179.92227172851562
276.1226501464844,-7.705767631530762,-0.11084705591201782,179.92227172851562
276.1178894042969,-11.205764770507812,-0.11084705591201782,179.92227172851562
276.1131286621094,-14.705761909484863,-0.11084705591201782,179.92227172851562
277.1463928222656,9.79286003112793,-0.11124619096517563,-0.077726349234581
277.1416320800781,6.292862892150879,-0.11124619096517563,-0.077726349234581
277.1368713378906,2.7928659915924072,-0.11124619096517563,-0.077726349234581
277.13214111328125,-0.7071307897567749,-0.11124619096517563,-0.077726349234581
277.12738037109375,-4.207127571105957,-0.11124619096517563,179.92227172851562
277.1226501464844,-7.707124710083008,-0.11124619096517563,179.92227172851562
277.1178894042969,-11.207121849060059,-0.11124619096517563,179.92227172851562
277.1131286621094,-14.70711898803711,-0.11124619096517563,179.92227172851562
278.1463928222656,9.79150390625,-0.11164532601833344,-0.077726349234581
278.1416320800781,6.291506767272949,-0.11164532601833344,-0.077726349234581
278.1368713378906,2.7915093898773193,-0.11164532601833344,-0.077726349234581
278.13214111328125,-0.7084873914718628,-0.11164532601833344,-0.077726349234581
278.12738037109375,-4.208484172821045,-0.11164532601833344,179.92227172851562
278.1226501464844,-7.7084808349609375,-0.11164532601833344,179.92227172851562
278.1178894042969,-11.208477973937988,-0.11164532601833344,179.92227172851562
278.1131286621094,-14.708475112915039,-0.11164532601833344,179.92227172851562
279.1463928222656,9.790146827697754,-0.11204446107149124,-0.077726349234581
279.1416320800781,6.290149688720703,-0.11204446107149124,-0.077726349234581
279.1368713378906,2.7901527881622314,-0.11204446107149124,-0.077726349234581
279.13214111328125,-0.7098439931869507,-0.11204446107149124,-0.077726349234581
279.12738037109375,-4.209840774536133,-0.11204446107149124,179.92227172851562
279.1226501464844,-7.709837913513184,-0.11204446107149124,179.92227172851562
279.1178894042969,-11.209835052490234,-0.11204446107149124,179.92227172851562
279.1131286621094,-14.709832191467285,-0.11204446107149124,179.92227172851562
280.1463928222656,9.788790702819824,-0.11244359612464905,-0.077726349234581
280.1416320800781,6.288793563842773,-0.11244359612464905,-0.077726349234581
280.1368713378906,2.7887961864471436,-0.11244359612464905,-0.077726349234581
280.13214111328125,-0.7112005949020386,-0.11244359612464905,-0.077726349234581
280.12738037109375,-4.211197376251221,-0.11244359612464905,179.92227172851562
280.1226501464844,-7.711194038391113,-0.11244359612464905,179.92227172851562
280.1178894042969,-11.211191177368164,-0.11244359612464905,179.92227172851562
280.1131286621094,-14.711188316345215,-0.11244359612464905,179.92227172851562
281.1463623046875,9.787433624267578,-0.11284273117780685,-0.077726349234581
281.1416015625,6.287436485290527,-0.11284273117780685,-0.077726349234581
281.1368408203125,2.7874395847320557,-0.11284273117780685,-0.077726349234581
281.1321105957031,-0.7125571966171265,-0.11284273117780685,-0.077726349234581
281.1273498535156,-4.212553977966309,-0.11284273117780685,179.92227172851562
281.12261962890625,-7.712551116943359,-0.11284273117780685,179.92227172851562
281.11785888671875,-11.21254825592041,-0.11284273117780685,179.92227172851562
281.11309814453125,-14.712545394897461,-0.11284273117780685,179.92227172851562
282.1463623046875,9.786077499389648,-0.11324186623096466,-0.077726349234581
282.1416015625,6.286080360412598,-0.11324186623096466,-0.077726349234581
282.1368408203125,2.7860829830169678,-0.11324186623096466,-0.077726349234581
282.1321105957031,-0.7139137983322144,-0.11324186623096466,-0.077726349234581
282.1273498535156,-4.2139105796813965,-0.11324186623096466,179.92227172851562
282.12261962890625,-7.713907241821289,-0.11324186623096466,179.92227172851562
282.11785888671875,-11.21390438079834,-0.11324186623096466,179.92227172851562
282.11309814453125,-14.71390151977539,-0.11324186623096466,179.92227172851562
283.1463623046875,9.784721374511719,-0.11364100873470306,-0.077726349234581
283.1416015625,6.28472375869751,-0.11364100873470306,-0.077726349234581
283.1368408203125,2.784726619720459,-0.11364100873470306,-0.077726349234581
283.1321105957031,-0.7152701616287231,-0.11364100873470306,-0.077726349234581
283.1273498535156,-4.215267181396484,-0.11364100873470306,179.92227172851562
283.12261962890625,-7.715263843536377,-0.11364100873470306,179.92227172851562
283.11785888671875,-11.215261459350586,-0.11364100873470306,179.92227172851562
283.11309814453125,-14.71525764465332,-0.11364100873470306,179.92227172851562
284.1463623046875,9.783364295959473,-0.11404014378786087,-0.077726349234581
284.1416015625,6.283367156982422,-0.11404014378786087,-0.077726349234581
284.1368408203125,2.783370018005371,-0.11404014378786087,-0.077726349234581
284.1321105957031,-0.716626763343811,-0.11404014378786087,-0.077726349234581
284.1273498535156,-4.216623783111572,-0.11404014378786087,179.92227172851562
284.12261962890625,-7.716620445251465,-0.11404014378786087,179.92227172851562
284.11785888671875,-11.216617584228516,-0.11404014378786087,179.92227172851562
284.11309814453125,-14.716614723205566,-0.11404014378786087,179.92227172851562
285.1463623046875,9.782007217407227,-0.11443927884101868,-0.077726349234581
285.1416015625,6.282010555267334,-0.11443927884101868,-0.077726349234581
285.1368408203125,2.782013416290283,-0.11443927884101868,-0.077726349234581
285.1321105957031,-0.7179833650588989,-0.11443927884101868,-0.077726349234581
285.1273498535156,-4.21798038482666,-0.11443927884101868,179.92227172851562
285.12261962890625,-7.717977046966553,-0.11443927884101868,179.92227172851562
285.11785888671875,-11.217973709106445,-0.11443927884101868,179.92227172851562
285.11309814453125,-14.717971801757812,-0.11443927884101868,179.92227172851562
286.1463623046875,9.780651092529297,-0.11483841389417648,-0.077726349234581
286.1416015625,6.280653953552246,-0.11483841389417648,-0.077726349234581
286.1368408203125,2.7806568145751953,-0.11483841389417648,-0.077726349234581
286.1321105957031,-0.7193399667739868,-0.11483841389417648,-0.077726349234581
286.1273498535156,-4.219336986541748,-0.11483841389417648,179.92227172851562
286.12261962890625,-7.719333648681641,-0.11483841389417648,179.92227172851562
286.11785888671875,-11.219330787658691,-0.11483841389417648,179.92227172851562
286.11309814453125,-14.719327926635742,-0.11483841389417648,179.92227172851562
287.1463623046875,9.779294967651367,-0.11523754894733429,-0.077726349234581
287.1416015625,6.279297351837158,-0.11523754894733429,-0.077726349234581
287.1368408203125,2.7793002128601074,-0.11523754894733429,-0.077726349234581
287.1321105957031,-0.7206965684890747,-0.11523754894733429,-0.077726349234581
287.1273498535156,-4.220693588256836,-0.11523754894733429,179.92227172851562
287.12261962890625,-7.7206902503967285,-0.11523754894733429,179.92227172851562
287.11785888671875,-11.220687866210938,-0.11523754894733429,179.92227172851562
287.11309814453125,-14.720684051513672,-0.11523754894733429,179.92227172851562
288.1463623046875,9.777937889099121,-0.1156366840004921,-0.077726349234581
288.1416015625,6.27794075012207,-0.1156366840004921,-0.077726349234581
288.1368408203125,2.7779436111450195,-0.1156366840004921,-0.077726349234581
288.1321105957031,-0.7220531702041626,-0.1156366840004921,-0.077726349234581
288.1273498535156,-4.222050189971924,-0.1156366840004921,179.92227172851562
288.12261962890625,-7.722046852111816,-0.1156366840004921,179.92227172851562
288.11785888671875,-11.222043991088867,-0.1156366840004921,179.92227172851562
288.11309814453125,-14.722041130065918,-0.1156366840004921,179.92227172851562
289.1463623046875,9.776580810546875,-0.1160358190536499,-0.077726349234581
289.1416015625,6.276584148406982,-0.1160358190536499,-0.077726349234581
289.1368408203125,2.7765870094299316,-0.1160358190536499,-0.077726349234581
289.1321105957031,-0.7234097719192505,-0.1160358190536499,-0.077726349234581
289.1273498535156,-4.223406791687012,-0.1160358190536499,179.92227172851562
289.12261962890625,-7.723403453826904,-0.1160358190536499,179.92227172851562
289.11785888671875,-11.223400115966797,-0.1160358190536499,179.92227172851562
289.11309814453125,-14.723398208618164,-0.1160358190536499,179.92227172851562
290.1463623046875,9.775224685668945,-0.11643495410680771,-0.077726349234581
290.1416015625,6.2752275466918945,-0.11643495410680771,-0.077726349234581
290.1368408203125,2.7752304077148438,-0.11643495410680771,-0.077726349234581
290.1321105957031,-0.7247663736343384,-0.11643495410680771,-0.077726349234581
290.1273498535156,-4.2247633934021,-0.11643495410680771,179.92227172851562
290.12261962890625,-7.724760055541992,-0.11643495410680771,179.92227172851562
290.11785888671875,-11.224757194519043,-0.11643495410680771,179.92227172851562
290.11309814453125,-14.724754333496094,-0.11643495410680771,179.92227172851562
291.1463623046875,9.773868560791016,-0.11683408915996552,-0.077726349234581
291.1416015625,6.273870944976807,-0.11683408915996552,-0.077726349234581
291.1368408203125,2.773873805999756,-0.11683408915996552,-0.077726349234581
291.1321105957031,-0.7261229753494263,-0.11683408915996552,-0.077726349234581
291.1273498535156,-4.2261199951171875,-0.11683408915996552,179.92227172851562
291.12261962890625,-7.72611665725708,-0.11683408915996552,179.92227172851562
291.11785888671875,-11.226114273071289,-0.11683408915996552,179.92227172851562
291.11309814453125,-14.726110458374023,-0.11683408915996552,179.92227172851562
292.1463623046875,9.77251148223877,-0.11723322421312332,-0.077726349234581
292.1416015625,6.272514343261719,-0.11723322421312332,-0.077726349234581
292.1368408203125,2.772517204284668,-0.11723322421312332,-0.077726349234581
292.1321105957031,-0.7274795770645142,-0.11723322421312332,-0.077726349234581
292.1273498535156,-4.227476596832275,-0.11723322421312332,179.92227172851562
292.12261962890625,-7.727473258972168,-0.11723322421312332,179.92227172851562
292.11785888671875,-11.227470397949219,-0.11723322421312332,179.92227172851562
292.11309814453125,-14.72746753692627,-0.11723322421312332,179.92227172851562
293.1463623046875,9.771154403686523,-0.11763235926628113,-0.077726349234581
293.1416015625,6.271157741546631,-0.11763235926628113,-0.077726349234581
293.1368408203125,2.77116060256958,-0.11763235926628113,-0.077726349234581
293.1321105957031,-0.728836178779602,-0.11763235926628113,-0.077726349234581
293.1273498535156,-4.228833198547363,-0.11763235926628113,179.92227172851562
293.12261962890625,-7.728829860687256,-0.11763235926628113,179.92227172851562
293.11785888671875,-11.228826522827148,-0.11763235926628113,179.92227172851562
293.11309814453125,-14.728824615478516,-0.11763235926628113,179.92227172851562
294.1463623046875,9.769798278808594,-0.11803149431943893,-0.077726349234581
294.1416015625,6.269801139831543,-0.11803149431943893,-0.077726349234581
294.1368408203125,2.769804000854492,-0.11803149431943893,-0.077726349234581
294.1321105957031,-0.7301927804946899,-0.11803149431943893,-0.077726349234581
294.1273498535156,-4.230189800262451,-0.11803149431943893,179.92227172851562
294.12261962890625,-7.730186462402344,-0.11803149431943893,179.92227172851562
294.11785888671875,-11.230183601379395,-0.11803149431943893,179.92227172851562
294.11309814453125,-14.730180740356445,-0.11803149431943893,179.92227172851562
295.1463623046875,9.768442153930664,-0.11843062937259674,-0.077726349234581
295.1416015625,6.268444538116455,-0.11843062937259674,-0.077726349234581
295.1368408203125,2.7684473991394043,-0.11843062937259674,-0.077726349234581
295.1321105957031,-0.7315493822097778,-0.11843062937259674,-0.077726349234581
295.1273498535156,-4.231546401977539,-0.11843062937259674,179.92227172851562
295.12261962890625,-7.731543064117432,-0.11843062937259674,179.92227172851562
295.11785888671875,-11.23154067993164,-0.11843062937259674,179.92227172851562
295.11309814453125,-14.731536865234375,-0.11843062937259674,179.92227172851562
296.1463623046875,9.767085075378418,-0.11882976442575455,-0.077726349234581
296.1416015625,6.267087936401367,-0.11882976442575455,-0.077726349234581
296.1368408203125,2.7670910358428955,-0.11882976442575455,-0.077726349234581
296.1321105957031,-0.7329057455062866,-0.11882976442575455,-0.077726349234581
296.1273498535156,-4.232902526855469,-0.11882976442575455,179.92227172851562
296.12261962890625,-7.7328996658325195,-0.11882976442575455,179.92227172851562
296.11785888671875,-11.23289680480957,-0.11882976442575455,179.92227172851562
296.11309814453125,-14.732893943786621,-0.11882976442575455,179.92227172851562
297.1463623046875,9.765728950500488,-0.11922889947891235,-0.077726349234581
297.1416015625,6.2657318115234375,-0.11922889947891235,-0.077726349234581
297.1368408203125,2.7657344341278076,-0.11922889947891235,-0.077726349234581
297.1321105957031,-0.7342623472213745,-0.11922889947891235,-0.077726349234581
297.1273498535156,-4.234259128570557,-0.11922889947891235,179.92227172851562
297.12261962890625,-7.734255790710449,-0.11922889947891235,179.92227172851562
297.11785888671875,-11.2342529296875,-0.11922889947891235,179.92227172851562
297.11309814453125,-14.73425006866455,-0.11922889947891235,179.92227172851562
298.1463623046875,9.764371871948242,-0.11962803453207016,-0.077726349234581
298.1416015625,6.264374732971191,-0.11962803453207016,-0.077726349234581
298.1368408203125,2.7643778324127197,-0.11962803453207016,-0.077726349234581
298.1321105957031,-0.7356189489364624,-0.11962803453207016,-0.077726349234581
298.1273498535156,-4.2356157302856445,-0.11962803453207016,179.92227172851562
298.12261962890625,-7.735612869262695,-0.11962803453207016,179.92227172851562
298.11785888671875,-11.235610008239746,-0.11962803453207016,179.92227172851562
298.11309814453125,-14.735607147216797,-0.11962803453207016,179.92227172851562
299.1463623046875,9.763015747070312,-0.12002717703580856,-0.077726349234581
299.1416015625,6.263018608093262,-0.12002717703580856,-0.077726349234581
299.1368408203125,2.763021230697632,-0.12002717703580856,-0.077726349234581
299.1321105957031,-0.7369755506515503,-0.12002717703580856,-0.077726349234581
299.1273498535156,-4.236972332000732,-0.12002717703580856,179.92227172851562
299.12261962890625,-7.736968994140625,-0.12002717703580856,179.92227172851562
299.11785888671875,-11.236966133117676,-0.12002717703580856,179.92227172851562
299.11309814453125,-14.736963272094727,-0.12002717703580856,179.92227172851562
300.1463623046875,9.761658668518066,-0.12042631208896637,-0.077726349234581
300.1416015625,6.261661529541016,-0.12042631208896637,-0.077726349234581
300.1368408203125,2.761664628982544,-0.12042631208896637,-0.077726349234581
300.1321105957031,-0.7383321523666382,-0.12042631208896637,-0.077726349234581
300.1273498535156,-4.23832893371582,-0.12042631208896637,179.92227172851562
300.12261962890625,-7.738326072692871,-0.12042631208896637,179.92227172851562
300.11785888671875,-11.238323211669922,-0.12042631208896637,179.92227172851562
300.11309814453125,-14.738320350646973,-0.12042631208896637,179.92227172851562
301.1463623046875,9.760302543640137,-0.12082544714212418,-0.077726349234581
301.1416015625,6.260305404663086,-0.12082544714212418,-0.077726349234581
301.1368408203125,2.760308027267456,-0.12082544714212418,-0.077726349234581
301.1321105957031,-0.7396887540817261,-0.12082544714212418,-0.077726349234581
301.1273498535156,-4.239685535430908,-0.12082544714212418,179.92227172851562
301.12261962890625,-7.739682197570801,-0.12082544714212418,179.92227172851562
301.11785888671875,-11.239679336547852,-0.12082544714212418,179.92227172851562
301.11309814453125,-14.739676475524902,-0.12082544714212418,179.92227172851562
302.1463623046875,9.75894546508789,-0.12122458219528198,-0.077726349234581
302.1416015625,6.25894832611084,-0.12122458219528198,-0.077726349234581
302.1368408203125,2.758951425552368,-0.12122458219528198,-0.077726349234581
302.1321105957031,-0.741045355796814,-0.12122458219528198,-0.077726349234581
302.1273498535156,-4.241042137145996,-0.12122458219528198,179.92227172851562
302.12261962890625,-7.741039276123047,-0.12122458219528198,179.92227172851562
302.11785888671875,-11.241036415100098,-0.12122458219528198,179.92227172851562
302.11309814453125,-14.741033554077148,-0.12122458219528198,179.92227172851562
303.1463623046875,9.757589340209961,-0.12162371724843979,-0.077726349234581
303.1416015625,6.25759220123291,-0.12162371724843979,-0.077726349234581
303.1368408203125,2.7575948238372803,-0.12162371724843979,-0.077726349234581
303.1321105957031,-0.7424019575119019,-0.12162371724843979,-0.077726349234581
303.1273498535156,-4.242398738861084,-0.12162371724843979,179.92227172851562
303.12261962890625,-7.742395401000977,-0.12162371724843979,179.92227172851562
303.11785888671875,-11.242392539978027,-0.12162371724843979,179.92227172851562
303.11309814453125,-14.742389678955078,-0.12162371724843979,179.92227172851562
304.1463623046875,9.756232261657715,-0.1220228523015976,-0.077726349234581
304.1416015625,6.256235122680664,-0.1220228523015976,-0.077726349234581
304.1368408203125,2.7562382221221924,-0.1220228523015976,-0.077726349234581
304.1321105957031,-0.7437585592269897,-0.1220228523015976,-0.077726349234581
304.1273498535156,-4.243755340576172,-0.1220228523015976,179.92227172851562
304.12261962890625,-7.743752479553223,-0.1220228523015976,179.92227172851562
304.11785888671875,-11.243749618530273,-0.1220228523015976,179.92227172851562
304.11309814453125,-14.743746757507324,-0.1220228523015976,179.92227172851562
305.1463623046875,9.754876136779785,-0.1224219873547554,-0.077726349234581
305.1416015625,6.254878997802734,-0.1224219873547554,-0.077726349234581
305.1368408203125,2.7548816204071045,-0.1224219873547554,-0.077726349234581
305.1321105957031,-0.7451151609420776,-0.1224219873547554,-0.077726349234581
305.1273498535156,-4.24511194229126,-0.1224219873547554,179.92227172851562
305.12261962890625,-7.745108604431152,-0.1224219873547554,179.92227172851562
305.11785888671875,-11.245105743408203,-0.1224219873547554,179.92227172851562
305.11309814453125,-14.745102882385254,-0.1224219873547554,179.92227172851562
306.1463623046875,9.753519058227539,-0.12282112240791321,-0.077726349234581
306.1416015625,6.2535223960876465,-0.12282112240791321,-0.077726349234581
306.1368408203125,2.7535252571105957,-0.12282112240791321,-0.077726349234581
306.1321105957031,-0.7464715242385864,-0.12282112240791321,-0.077726349234581
306.1273498535156,-4.246468544006348,-0.12282112240791321,179.92227172851562
306.12261962890625,-7.74646520614624,-0.12282112240791321,179.92227172851562
306.11785888671875,-11.246461868286133,-0.12282112240791321,179.92227172851562
306.11309814453125,-14.7464599609375,-0.12282112240791321,179.92227172851562
307.1463623046875,9.75216293334961,-0.12322025746107101,-0.077726349234581
307.1416015625,6.252165794372559,-0.12322025746107101,-0.077726349234581
307.1368408203125,2.752168655395508,-0.12322025746107101,-0.077726349234581
307.1321105957031,-0.7478281259536743,-0.12322025746107101,-0.077726349234581
307.1273498535156,-4.2478251457214355,-0.12322025746107101,179.92227172851562
307.12261962890625,-7.747821807861328,-0.12322025746107101,179.92227172851562
307.11785888671875,-11.247818946838379,-0.12322025746107101,179.92227172851562
307.11309814453125,-14.74781608581543,-0.12322025746107101,179.92227172851562
308.1463623046875,9.75080680847168,-0.12361939251422882,-0.077726349234581
308.1416015625,6.250809192657471,-0.12361939251422882,-0.077726349234581
308.1368408203125,2.75081205368042,-0.12361939251422882,-0.077726349234581
308.1321105957031,-0.7491847276687622,-0.12361939251422882,-0.077726349234581
308.1273498535156,-4.249181747436523,-0.12361939251422882,179.92227172851562
308.12261962890625,-7.749178409576416,-0.12361939251422882,179.92227172851562
308.11785888671875,-11.249176025390625,-0.12361939251422882,179.92227172851562
308.11309814453125,-14.74917221069336,-0.12361939251422882,179.92227172851562
309.1463623046875,9.749449729919434,-0.12401852756738663,-0.077726349234581
309.1416015625,6.249452590942383,-0.12401852756738663,-0.077726349234581
309.1368408203125,2.749455451965332,-0.12401852756738663,-0.077726349234581
309.1321105957031,-0.7505413293838501,-0.12401852756738663,-0.077726349234581
309.1273498535156,-4.250538349151611,-0.12401852756738663,179.92227172851562
309.12261962890625,-7.750535011291504,-0.12401852756738663,179.92227172851562
309.11785888671875,-11.250532150268555,-0.12401852756738663,179.92227172851562
309.11309814453125,-14.750529289245605,-0.12401852756738663,179.92227172851562
310.1463623046875,9.748092651367188,-0.12441766262054443,-0.077726349234581
310.1416015625,6.248095989227295,-0.12441766262054443,-0.077726349234581
310.1368408203125,2.748098850250244,-0.12441766262054443,-0.077726349234581
310.1321105957031,-0.751897931098938,-0.12441766262054443,-0.077726349234581
310.1273498535156,-4.251894950866699,-0.12441766262054443,179.92227172851562
310.12261962890625,-7.751891613006592,-0.12441766262054443,179.92227172851562
310.11785888671875,-11.251888275146484,-0.12441766262054443,179.92227172851562
310.11309814453125,-14.751886367797852,-0.12441766262054443,179.92227172851562
311.1463623046875,9.746736526489258,-0.12481679767370224,-0.077726349234581
311.1416015625,6.246739387512207,-0.12481679767370224,-0.077726349234581
311.1368408203125,2.7467422485351562,-0.12481679767370224,-0.077726349234581
311.1321105957031,-0.7532545328140259,-0.12481679767370224,-0.077726349234581
311.1273498535156,-4.253251552581787,-0.12481679767370224,179.92227172851562
311.12261962890625,-7.75324821472168,-0.12481679767370224,179.92227172851562
311.11785888671875,-11.25324535369873,-0.12481679767370224,179.92227172851562
311.11309814453125,-14.753242492675781,-0.12481679767370224,179.92227172851562
312.1463623046875,9.745380401611328,-0.12521593272686005,-0.077726349234581
312.1416015625,6.245382785797119,-0.12521593272686005,-0.077726349234581
312.1368408203125,2.7453856468200684,-0.12521593272686005,-0.077726349234581
312.1321105957031,-0.7546111345291138,-0.12521593272686005,-0.077726349234581
312.1273498535156,-4.254608154296875,-0.12521593272686005,179.92227172851562
312.12261962890625,-7.754604816436768,-0.12521593272686005,179.92227172851562
312.11785888671875,-11.254602432250977,-0.12521593272686005,179.92227172851562
312.11309814453125,-14.754598617553711,-0.12521593272686005,179.92227172851562
313.1463623046875,9.744023323059082,-0.12561507523059845,-0.077726349234581
313.1416015625,6.244026184082031,-0.12561507523059845,-0.077726349234581
313.1368408203125,2.7440290451049805,-0.12561507523059845,-0.077726349234581
313.1321105957031,-0.7559677362442017,-0.12561507523059845,-0.077726349234581
313.1273498535156,-4.255964756011963,-0.12561507523059845,179.92227172851562
313.12261962890625,-7.7559614181518555,-0.12561507523059845,179.92227172851562
313.11785888671875,-11.255958557128906,-0.12561507523059845,179.92227172851562
313.11309814453125,-14.755955696105957,-0.12561507523059845,179.92227172851562
314.1463623046875,9.742666244506836,-0.12601420283317566,-0.077726349234581
314.1416015625,6.242669582366943,-0.12601420283317566,-0.077726349234581
314.1368408203125,2.7426724433898926,-0.12601420283317566,-0.077726349234581
314.1321105957031,-0.7573243379592896,-0.12601420283317566,-0.077726349234581
314.1273498535156,-4.257321357727051,-0.12601420283317566,179.92227172851562
314.12261962890625,-7.757318019866943,-0.12601420283317566,179.92227172851562
314.11785888671875,-11.257314682006836,-0.12601420283317566,179.92227172851562
314.11309814453125,-14.757312774658203,-0.12601420283317566,179.92227172851562
315.1463317871094,9.741310119628906,-0.12641334533691406,-0.077726349234581
315.1415710449219,6.2413129806518555,-0.12641334533691406,-0.077726349234581
315.1368103027344,2.7413158416748047,-0.12641334533691406,-0.077726349234581
315.132080078125,-0.7586809396743774,-0.12641334533691406,-0.077726349234581
315.1273193359375,-4.258677959442139,-0.12641334533691406,179.92227172851562
315.1225891113281,-7.758674621582031,-0.12641334533691406,179.92227172851562
315.1178283691406,-11.258671760559082,-0.12641334533691406,179.92227172851562
315.1130676269531,-14.758668899536133,-0.12641334533691406,179.92227172851562
316.1463317871094,9.739953994750977,-0.12681247293949127,-0.077726349234581
316.1415710449219,6.239956378936768,-0.12681247293949127,-0.077726349234581
316.1368103027344,2.739959239959717,-0.12681247293949127,-0.077726349234581
316.132080078125,-0.7600375413894653,-0.12681247293949127,-0.077726349234581
316.1273193359375,-4.260034561157227,-0.12681247293949127,179.92227172851562
316.1225891113281,-7.760031223297119,-0.12681247293949127,179.92227172851562
316.1178283691406,-11.260028839111328,-0.12681247293949127,179.92227172851562
316.1130676269531,-14.760025024414062,-0.12681247293949127,179.92227172851562
317.1463317871094,9.73859691619873,-0.12721161544322968,-0.077726349234581
317.1415710449219,6.23859977722168,-0.12721161544322968,-0.077726349234581
317.1368103027344,2.738602638244629,-0.12721161544322968,-0.077726349234581
317.132080078125,-0.7613941431045532,-0.12721161544322968,-0.077726349234581
317.1273193359375,-4.2613911628723145,-0.12721161544322968,179.92227172851562
317.1225891113281,-7.761387825012207,-0.12721161544322968,179.92227172851562
317.1178283691406,-11.261384963989258,-0.12721161544322968,179.92227172851562
317.1130676269531,-14.761382102966309,-0.12721161544322968,179.92227172851562
318.1463317871094,9.7372407913208,-0.12761074304580688,-0.077726349234581
318.1415710449219,6.23724365234375,-0.12761074304580688,-0.077726349234581
318.1368103027344,2.73724627494812,-0.12761074304580688,-0.077726349234581
318.132080078125,-0.762750506401062,-0.12761074304580688,-0.077726349234581
318.1273193359375,-4.262747287750244,-0.12761074304580688,179.92227172851562
318.1225891113281,-7.762743949890137,-0.12761074304580688,179.92227172851562
318.1178283691406,-11.262741088867188,-0.12761074304580688,179.92227172851562
318.1130676269531,-14.762738227844238,-0.12761074304580688,179.92227172851562
319.1463317871094,9.735883712768555,-0.1280098855495453,-0.077726349234581
319.1415710449219,6.235886573791504,-0.1280098855495453,-0.077726349234581
319.1368103027344,2.7358896732330322,-0.1280098855495453,-0.077726349234581
319.132080078125,-0.7641071081161499,-0.1280098855495453,-0.077726349234581
319.1273193359375,-4.264103889465332,-0.1280098855495453,179.92227172851562
319.1225891113281,-7.764101028442383,-0.1280098855495453,179.92227172851562
319.1178283691406,-11.264098167419434,-0.1280098855495453,179.92227172851562
319.1130676269531,-14.764095306396484,-0.1280098855495453,179.92227172851562
320.1463317871094,9.734527587890625,-0.1284090131521225,-0.077726349234581
320.1415710449219,6.234530448913574,-0.1284090131521225,-0.077726349234581
320.1368103027344,2.7345330715179443,-0.1284090131521225,-0.077726349234581
320.132080078125,-0.7654637098312378,-0.1284090131521225,-0.077726349234581
320.1273193359375,-4.26546049118042,-0.1284090131521225,179.92227172851562
320.1225891113281,-7.7654571533203125,-0.1284090131521225,179.92227172851562
320.1178283691406,-11.265454292297363,-0.1284090131521225,179.92227172851562
320.1130676269531,-14.765451431274414,-0.1284090131521225,179.92227172851562
321.1463317871094,9.733170509338379,-0.1288081556558609,-0.077726349234581
321.1415710449219,6.233173370361328,-0.1288081556558609,-0.077726349234581
321.1368103027344,2.7331764698028564,-0.1288081556558609,-0.077726349234581
321.132080078125,-0.7668203115463257,-0.1288081556558609,-0.077726349234581
321.1273193359375,-4.266817092895508,-0.1288081556558609,179.92227172851562
321.1225891113281,-7.766814231872559,-0.1288081556558609,179.92227172851562
321.1178283691406,-11.26681137084961,-0.1288081556558609,179.92227172851562
321.1130676269531,-14.76680850982666,-0.1288081556558609,179.92227172851562
322.1463317871094,9.73181438446045,-0.1292072981595993,-0.077726349234581
322.1415710449219,6.231817245483398,-0.1292072981595993,-0.077726349234581
322.1368103027344,2.7318198680877686,-0.1292072981595993,-0.077726349234581
322.132080078125,-0.7681769132614136,-0.1292072981595993,-0.077726349234581
322.1273193359375,-4.268173694610596,-0.1292072981595993,179.92227172851562
322.1225891113281,-7.768170356750488,-0.1292072981595993,179.92227172851562
322.1178283691406,-11.268167495727539,-0.1292072981595993,179.92227172851562
322.1130676269531,-14.76816463470459,-0.1292072981595993,179.92227172851562
323.1463317871094,9.730457305908203,-0.1296064257621765,-0.077726349234581
323.1415710449219,6.230460166931152,-0.1296064257621765,-0.077726349234581
323.1368103027344,2.7304632663726807,-0.1296064257621765,-0.077726349234581
323.132080078125,-0.7695335149765015,-0.1296064257621765,-0.077726349234581
323.1273193359375,-4.269530296325684,-0.1296064257621765,179.92227172851562
323.1225891113281,-7.769527435302734,-0.1296064257621765,179.92227172851562
323.1178283691406,-11.269524574279785,-0.1296064257621765,179.92227172851562
323.1130676269531,-14.769521713256836,-0.1296064257621765,179.92227172851562
324.1463317871094,9.729101181030273,-0.13000556826591492,-0.077726349234581
324.1415710449219,6.229104042053223,-0.13000556826591492,-0.077726349234581
324.1368103027344,2.7291066646575928,-0.13000556826591492,-0.077726349234581
324.132080078125,-0.7708901166915894,-0.13000556826591492,-0.077726349234581
324.1273193359375,-4.2708868980407715,-0.13000556826591492,179.92227172851562
324.1225891113281,-7.770883560180664,-0.13000556826591492,179.92227172851562
324.1178283691406,-11.270880699157715,-0.13000556826591492,179.92227172851562
324.1130676269531,-14.770877838134766,-0.13000556826591492,179.92227172851562
325.1463317871094,9.727744102478027,-0.13040469586849213,-0.077726349234581
325.1415710449219,6.227746963500977,-0.13040469586849213,-0.077726349234581
325.1368103027344,2.727750062942505,-0.13040469586849213,-0.077726349234581
325.132080078125,-0.7722467184066772,-0.13040469586849213,-0.077726349234581
325.1273193359375,-4.272243499755859,-0.13040469586849213,179.92227172851562
325.1225891113281,-7.77224063873291,-0.13040469586849213,179.92227172851562
325.1178283691406,-11.272237777709961,-0.13040469586849213,179.92227172851562
325.1130676269531,-14.772234916687012,-0.13040469586849213,179.92227172851562
326.1463317871094,9.726387977600098,-0.13080383837223053,-0.077726349234581
326.1415710449219,6.226390838623047,-0.13080383837223053,-0.077726349234581
326.1368103027344,2.726393461227417,-0.13080383837223053,-0.077726349234581
326.132080078125,-0.7736033201217651,-0.13080383837223053,-0.077726349234581
326.1273193359375,-4.273600101470947,-0.13080383837223053,179.92227172851562
326.1225891113281,-7.77359676361084,-0.13080383837223053,179.92227172851562
326.1178283691406,-11.27359390258789,-0.13080383837223053,179.92227172851562
326.1130676269531,-14.773591041564941,-0.13080383837223053,179.92227172851562
327.1463317871094,9.725030899047852,-0.13120296597480774,-0.077726349234581
327.1415710449219,6.225033760070801,-0.13120296597480774,-0.077726349234581
327.1368103027344,2.725036859512329,-0.13120296597480774,-0.077726349234581
327.132080078125,-0.774959921836853,-0.13120296597480774,-0.077726349234581
327.1273193359375,-4.274956703186035,-0.13120296597480774,179.92227172851562
327.1225891113281,-7.774953842163086,-0.13120296597480774,179.92227172851562
327.1178283691406,-11.274950981140137,-0.13120296597480774,179.92227172851562
327.1130676269531,-14.774948120117188,-0.13120296597480774,179.92227172851562
328.1463317871094,9.723674774169922,-0.13160210847854614,-0.077726349234581
328.1415710449219,6.223677635192871,-0.13160210847854614,-0.077726349234581
328.1368103027344,2.7236804962158203,-0.13160210847854614,-0.077726349234581
328.132080078125,-0.7763162851333618,-0.13160210847854614,-0.077726349234581
328.1273193359375,-4.276313304901123,-0.13160210847854614,179.92227172851562
328.1225891113281,-7.776309967041016,-0.13160210847854614,179.92227172851562
328.1178283691406,-11.276307106018066,-0.13160210847854614,179.92227172851562
328.1130676269531,-14.776304244995117,-0.13160210847854614,179.92227172851562
329.1463317871094,9.722318649291992,-0.13200123608112335,-0.077726349234581
329.1415710449219,6.222321033477783,-0.13200123608112335,-0.077726349234581
329.1368103027344,2.7223238945007324,-0.13200123608112335,-0.077726349234581
329.132080078125,-0.7776728868484497,-0.13200123608112335,-0.077726349234581
329.1273193359375,-4.277669906616211,-0.13200123608112335,179.92227172851562
329.1225891113281,-7.7776665687561035,-0.13200123608112335,179.92227172851562
329.1178283691406,-11.277664184570312,-0.13200123608112335,179.92227172851562
329.1130676269531,-14.777660369873047,-0.13200123608112335,179.92227172851562
330.1463317871094,9.720961570739746,-0.13240037858486176,-0.077726349234581
330.1415710449219,6.220964431762695,-0.13240037858486176,-0.077726349234581
330.1368103027344,2.7209672927856445,-0.13240037858486176,-0.077726349234581
330.132080078125,-0.7790294885635376,-0.13240037858486176,-0.077726349234581
330.1273193359375,-4.279026508331299,-0.13240037858486176,179.92227172851562
330.1225891113281,-7.779023170471191,-0.13240037858486176,179.92227172851562
330.1178283691406,-11.279020309448242,-0.13240037858486176,179.92227172851562
330.1130676269531,-14.779017448425293,-0.13240037858486176,179.92227172851562
331.1463317871094,9.7196044921875,-0.13279950618743896,-0.077726349234581
331.1415710449219,6.219607830047607,-0.13279950618743896,-0.077726349234581
331.1368103027344,2.7196106910705566,-0.13279950618743896,-0.077726349234581
331.132080078125,-0.7803860902786255,-0.13279950618743896,-0.077726349234581
331.1273193359375,-4.280383110046387,-0.13279950618743896,179.92227172851562
331.1225891113281,-7.780379772186279,-0.13279950618743896,179.92227172851562
331.1178283691406,-11.280376434326172,-0.13279950618743896,179.92227172851562
331.1130676269531,-14.780374526977539,-0.13279950618743896,179.92227172851562
332.1463317871094,9.71824836730957,-0.13319864869117737,-0.077726349234581
332.1415710449219,6.2182512283325195,-0.13319864869117737,-0.077726349234581
332.1368103027344,2.7182540893554688,-0.13319864869117737,-0.077726349234581
332.132080078125,-0.7817426919937134,-0.13319864869117737,-0.077726349234581
332.1273193359375,-4.281739711761475,-0.13319864869117737,179.92227172851562
332.1225891113281,-7.781736373901367,-0.13319864869117737,179.92227172851562
332.1178283691406,-11.281733512878418,-0.13319864869117737,179.92227172851562
332.1130676269531,-14.781730651855469,-0.13319864869117737,179.92227172851562
333.1463317871094,9.71689224243164,-0.13359777629375458,-0.077726349234581
333.1415710449219,6.216894626617432,-0.13359777629375458,-0.077726349234581
333.1368103027344,2.716897487640381,-0.13359777629375458,-0.077726349234581
333.132080078125,-0.7830992937088013,-0.13359777629375458,-0.077726349234581
333.1273193359375,-4.2830963134765625,-0.13359777629375458,179.92227172851562
333.1225891113281,-7.783092975616455,-0.13359777629375458,179.92227172851562
333.1178283691406,-11.283090591430664,-0.13359777629375458,179.92227172851562
333.1130676269531,-14.783086776733398,-0.13359777629375458,179.92227172851562
334.1463317871094,9.715535163879395,-0.13399691879749298,-0.077726349234581
334.1415710449219,6.215538024902344,-0.13399691879749298,-0.077726349234581
334.1368103027344,2.715540885925293,-0.13399691879749298,-0.077726349234581
334.132080078125,-0.7844558954238892,-0.13399691879749298,-0.077726349234581
334.1273193359375,-4.28445291519165,-0.13399691879749298,179.92227172851562
334.1225891113281,-7.784449577331543,-0.13399691879749298,179.92227172851562
334.1178283691406,-11.284446716308594,-0.13399691879749298,179.92227172851562
334.1130676269531,-14.784443855285645,-0.13399691879749298,179.92227172851562
335.1463317871094,9.714178085327148,-0.1343960464000702,-0.077726349234581
335.1415710449219,6.214181423187256,-0.1343960464000702,-0.077726349234581
335.1368103027344,2.714184284210205,-0.1343960464000702,-0.077726349234581
335.132080078125,-0.785812497138977,-0.1343960464000702,-0.077726349234581
335.1273193359375,-4.285809516906738,-0.1343960464000702,179.92227172851562
335.1225891113281,-7.785806179046631,-0.1343960464000702,179.92227172851562
335.1178283691406,-11.285802841186523,-0.1343960464000702,179.92227172851562
335.1130676269531,-14.78580093383789,-0.1343960464000702,179.92227172851562
336.1463317871094,9.712821960449219,-0.1347951889038086,-0.077726349234581
336.1415710449219,6.212824821472168,-0.1347951889038086,-0.077726349234581
336.1368103027344,2.712827682495117,-0.1347951889038086,-0.077726349234581
336.132080078125,-0.7871690988540649,-0.1347951889038086,-0.077726349234581
336.1273193359375,-4.287166118621826,-0.1347951889038086,179.92227172851562
336.1225891113281,-7.787162780761719,-0.1347951889038086,179.92227172851562
336.1178283691406,-11.28715991973877,-0.1347951889038086,179.92227172851562
336.1130676269531,-14.78715705871582,-0.1347951889038086,179.92227172851562
337.1463317871094,9.711465835571289,-0.135194331407547,-0.077726349234581
337.1415710449219,6.21146821975708,-0.135194331407547,-0.077726349234581
337.1368103027344,2.7114710807800293,-0.135194331407547,-0.077726349234581
337.132080078125,-0.7885257005691528,-0.135194331407547,-0.077726349234581
337.1273193359375,-4.288522720336914,-0.135194331407547,179.92227172851562
337.1225891113281,-7.788519382476807,-0.135194331407547,179.92227172851562
337.1178283691406,-11.288516998291016,-0.135194331407547,179.92227172851562
337.1130676269531,-14.78851318359375,-0.135194331407547,179.92227172851562
338.1463317871094,9.710108757019043,-0.1355934590101242,-0.077726349234581
338.1415710449219,6.210111618041992,-0.1355934590101242,-0.077726349234581
338.1368103027344,2.7101144790649414,-0.1355934590101242,-0.077726349234581
338.132080078125,-0.7898823022842407,-0.1355934590101242,-0.077726349234581
338.1273193359375,-4.289879322052002,-0.1355934590101242,179.92227172851562
338.1225891113281,-7.7898759841918945,-0.1355934590101242,179.92227172851562
338.1178283691406,-11.289873123168945,-0.1355934590101242,179.92227172851562
338.1130676269531,-14.789870262145996,-0.1355934590101242,179.92227172851562
339.1463317871094,9.708751678466797,-0.1359926015138626,-0.077726349234581
339.1415710449219,6.208755016326904,-0.1359926015138626,-0.077726349234581
339.1368103027344,2.7087578773498535,-0.1359926015138626,-0.077726349234581
339.132080078125,-0.7912389039993286,-0.1359926015138626,-0.077726349234581
339.1273193359375,-4.29123592376709,-0.1359926015138626,179.92227172851562
339.1225891113281,-7.791232585906982,-0.1359926015138626,179.92227172851562
339.1178283691406,-11.291229248046875,-0.1359926015138626,179.92227172851562
339.1130676269531,-14.791227340698242,-0.1359926015138626,179.92227172851562
340.1463317871094,9.707395553588867,-0.13639172911643982,-0.077726349234581
340.1415710449219,6.207398414611816,-0.13639172911643982,-0.077726349234581
340.1368103027344,2.7074015140533447,-0.13639172911643982,-0.077726349234581
340.132080078125,-0.7925952672958374,-0.13639172911643982,-0.077726349234581
340.1273193359375,-4.2925920486450195,-0.13639172911643982,179.92227172851562
340.1225891113281,-7.79258918762207,-0.13639172911643982,179.92227172851562
340.1178283691406,-11.292586326599121,-0.13639172911643982,179.92227172851562
340.1130676269531,-14.792583465576172,-0.13639172911643982,179.92227172851562
341.1463317871094,9.706039428710938,-0.13679087162017822,-0.077726349234581
341.1415710449219,6.206042289733887,-0.13679087162017822,-0.077726349234581
341.1368103027344,2.706044912338257,-0.13679087162017822,-0.077726349234581
341.132080078125,-0.7939518690109253,-0.13679087162017822,-0.077726349234581
341.1273193359375,-4.293948650360107,-0.13679087162017822,179.92227172851562
341.1225891113281,-7.7939453125,-0.13679087162017822,179.92227172851562
341.1178283691406,-11.29394245147705,-0.13679087162017822,179.92227172851562
341.1130676269531,-14.793939590454102,-0.13679087162017822,179.92227172851562
342.1463317871094,9.704682350158691,-0.13718999922275543,-0.077726349234581
342.1415710449219,6.204685211181641,-0.13718999922275543,-0.077726349234581
342.1368103027344,2.704688310623169,-0.13718999922275543,-0.077726349234581
342.132080078125,-0.7953084707260132,-0.13718999922275543,-0.077726349234581
342.1273193359375,-4.295305252075195,-0.13718999922275543,179.92227172851562
342.1225891113281,-7.795302391052246,-0.13718999922275543,179.92227172851562
342.1178283691406,-11.295299530029297,-0.13718999922275543,179.92227172851562
342.1130676269531,-14.795296669006348,-0.13718999922275543,179.92227172851562
343.1463317871094,9.703326225280762,-0.13758914172649384,-0.077726349234581
343.1415710449219,6.203329086303711,-0.13758914172649384,-0.077726349234581
343.1368103027344,2.703331708908081,-0.13758914172649384,-0.077726349234581
343.132080078125,-0.7966650724411011,-0.13758914172649384,-0.077726349234581
343.1273193359375,-4.296661853790283,-0.13758914172649384,179.92227172851562
343.1225891113281,-7.796658515930176,-0.13758914172649384,179.92227172851562
343.1178283691406,-11.296655654907227,-0.13758914172649384,179.92227172851562
343.1130676269531,-14.796652793884277,-0.13758914172649384,179.92227172851562
344.1463317871094,9.701969146728516,-0.13798826932907104,-0.077726349234581
344.1415710449219,6.201972007751465,-0.13798826932907104,-0.077726349234581
344.1368103027344,2.701975107192993,-0.13798826932907104,-0.077726349234581
344.132080078125,-0.798021674156189,-0.13798826932907104,-0.077726349234581
344.1273193359375,-4.298018455505371,-0.13798826932907104,179.92227172851562
344.1225891113281,-7.798015594482422,-0.13798826932907104,179.92227172851562
344.1178283691406,-11.298012733459473,-0.13798826932907104,179.92227172851562
344.1130676269531,-14.798009872436523,-0.13798826932907104,179.92227172851562
345.1463317871094,9.700613021850586,-0.13838741183280945,-0.077726349234581
345.1415710449219,6.200615882873535,-0.13838741183280945,-0.077726349234581
345.1368103027344,2.7006185054779053,-0.13838741183280945,-0.077726349234581
345.132080078125,-0.7993782758712769,-0.13838741183280945,-0.077726349234581
345.1273193359375,-4.299375057220459,-0.13838741183280945,179.92227172851562
345.1225891113281,-7.799371719360352,-0.13838741183280945,179.92227172851562
345.1178283691406,-11.299368858337402,-0.13838741183280945,179.92227172851562
345.1130676269531,-14.799365997314453,-0.13838741183280945,179.92227172851562
346.1463317871094,9.69925594329834,-0.13878653943538666,-0.077726349234581
346.1415710449219,6.199258804321289,-0.13878653943538666,-0.077726349234581
346.1368103027344,2.6992619037628174,-0.13878653943538666,-0.077726349234581
346.132080078125,-0.8007348775863647,-0.13878653943538666,-0.077726349234581
346.1273193359375,-4.300731658935547,-0.13878653943538666,179.92227172851562
346.1225891113281,-7.800728797912598,-0.13878653943538666,179.92227172851562
346.1178283691406,-11.300725936889648,-0.13878653943538666,179.92227172851562
346.1130676269531,-14.8007230758667,-0.13878653943538666,179.92227172851562
347.1463317871094,9.69789981842041,-0.13918568193912506,-0.077726349234581
347.1415710449219,6.197902679443359,-0.13918568193912506,-0.077726349234581
347.1368103027344,2.6979053020477295,-0.13918568193912506,-0.077726349234581
347.132080078125,-0.8020914793014526,-0.13918568193912506,-0.077726349234581
347.1273193359375,-4.302088260650635,-0.13918568193912506,179.92227172851562
347.1225891113281,-7.802084922790527,-0.13918568193912506,179.92227172851562
347.1178283691406,-11.302082061767578,-0.13918568193912506,179.92227172851562
347.1130676269531,-14.802079200744629,-0.13918568193912506,179.92227172851562
348.14630126953125,9.696542739868164,-0.13958480954170227,-0.077726349234581
348.14154052734375,6.196545600891113,-0.13958480954170227,-0.077726349234581
348.13677978515625,2.6965487003326416,-0.13958480954170227,-0.077726349234581
348.1320495605469,-0.8034480810165405,-0.13958480954170227,-0.077726349234581
348.1272888183594,-4.303444862365723,-0.13958480954170227,179.92227172851562
348.12255859375,-7.803442001342773,-0.13958480954170227,179.92227172851562
348.1177978515625,-11.303439140319824,-0.13958480954170227,179.92227172851562
348.113037109375,-14.803436279296875,-0.13958480954170227,179.92227172851562
349.14630126953125,9.695186614990234,-0.13998395204544067,-0.077726349234581
349.14154052734375,6.195189476013184,-0.13998395204544067,-0.077726349234581
349.13677978515625,2.6951920986175537,-0.13998395204544067,-0.077726349234581
349.1320495605469,-0.8048046827316284,-0.13998395204544067,-0.077726349234581
349.1272888183594,-4.3048014640808105,-0.13998395204544067,179.92227172851562
349.12255859375,-7.804798126220703,-0.13998395204544067,179.92227172851562
349.1177978515625,-11.304795265197754,-0.13998395204544067,179.92227172851562
349.113037109375,-14.804792404174805,-0.13998395204544067,179.92227172851562
350.14630126953125,9.693830490112305,-0.14038307964801788,-0.077726349234581
350.14154052734375,6.193832874298096,-0.14038307964801788,-0.077726349234581
350.13677978515625,2.693835735321045,-0.14038307964801788,-0.077726349234581
350.1320495605469,-0.8061610460281372,-0.14038307964801788,-0.077726349234581
350.1272888183594,-4.306158065795898,-0.14038307964801788,179.92227172851562
350.12255859375,-7.806154727935791,-0.14038307964801788,179.92227172851562
350.1177978515625,-11.30615234375,-0.14038307964801788,179.92227172851562
350.113037109375,-14.806148529052734,-0.14038307964801788,179.92227172851562
351.14630126953125,9.692473411560059,-0.1407822221517563,-0.077726349234581
351.14154052734375,6.192476272583008,-0.1407822221517563,-0.077726349234581
351.13677978515625,2.692479133605957,-0.1407822221517563,-0.077726349234581
351.1320495605469,-0.8075176477432251,-0.1407822221517563,-0.077726349234581
351.1272888183594,-4.307514667510986,-0.1407822221517563,179.92227172851562
351.12255859375,-7.807511329650879,-0.1407822221517563,179.92227172851562
351.1177978515625,-11.30750846862793,-0.1407822221517563,179.92227172851562
351.113037109375,-14.80750560760498,-0.1407822221517563,179.92227172851562
352.14630126953125,9.691116333007812,-0.1411813646554947,-0.077726349234581
352.14154052734375,6.19111967086792,-0.1411813646554947,-0.077726349234581
352.13677978515625,2.691122531890869,-0.1411813646554947,-0.077726349234581
352.1320495605469,-0.808874249458313,-0.1411813646554947,-0.077726349234581
352.1272888183594,-4.308871269226074,-0.1411813646554947,179.92227172851562
352.12255859375,-7.808867931365967,-0.1411813646554947,179.92227172851562
352.1177978515625,-11.30886459350586,-0.1411813646554947,179.92227172851562
352.113037109375,-14.808862686157227,-0.1411813646554947,179.92227172851562
353.14630126953125,9.689760208129883,-0.1415804922580719,-0.077726349234581
353.14154052734375,6.189763069152832,-0.1415804922580719,-0.077726349234581
353.13677978515625,2.6897659301757812,-0.1415804922580719,-0.077726349234581
353.1320495605469,-0.8102308511734009,-0.1415804922580719,-0.077726349234581
353.1272888183594,-4.310227870941162,-0.1415804922580719,179.92227172851562
353.12255859375,-7.810224533081055,-0.1415804922580719,179.92227172851562
353.1177978515625,-11.310221672058105,-0.1415804922580719,179.92227172851562
353.113037109375,-14.810218811035156,-0.1415804922580719,179.92227172851562
354.14630126953125,9.688404083251953,-0.1419796347618103,-0.077726349234581
354.14154052734375,6.188406467437744,-0.1419796347618103,-0.077726349234581
354.13677978515625,2.6884093284606934,-0.1419796347618103,-0.077726349234581
354.1320495605469,-0.8115874528884888,-0.1419796347618103,-0.077726349234581
354.1272888183594,-4.31158447265625,-0.1419796347618103,179.92227172851562
354.12255859375,-7.811581134796143,-0.1419796347618103,179.92227172851562
354.1177978515625,-11.311578750610352,-0.1419796347618103,179.92227172851562
354.113037109375,-14.811574935913086,-0.1419796347618103,179.92227172851562
355.14630126953125,9.687047004699707,-0.1423787623643875,-0.077726349234581
355.14154052734375,6.187049865722656,-0.1423787623643875,-0.077726349234581
355.13677978515625,2.6870527267456055,-0.1423787623643875,-0.077726349234581
355.1320495605469,-0.8129440546035767,-0.1423787623643875,-0.077726349234581
355.1272888183594,-4.312941074371338,-0.1423787623643875,179.92227172851562
355.12255859375,-7.8129377365112305,-0.1423787623643875,179.92227172851562
355.1177978515625,-11.312934875488281,-0.1423787623643875,179.92227172851562
355.113037109375,-14.812932014465332,-0.1423787623643875,179.92227172851562
356.14630126953125,9.685689926147461,-0.14277790486812592,-0.077726349234581
356.14154052734375,6.185693264007568,-0.14277790486812592,-0.077726349234581
356.13677978515625,2.6856961250305176,-0.14277790486812592,-0.077726349234581
356.1320495605469,-0.8143006563186646,-0.14277790486812592,-0.077726349234581
356.1272888183594,-4.314297676086426,-0.14277790486812592,179.92227172851562
356.12255859375,-7.814294338226318,-0.14277790486812592,179.92227172851562
356.1177978515625,-11.314291000366211,-0.14277790486812592,179.92227172851562
356.113037109375,-14.814289093017578,-0.14277790486812592,179.92227172851562
357.14630126953125,9.684333801269531,-0.14317703247070312,-0.077726349234581
357.14154052734375,6.1843366622924805,-0.14317703247070312,-0.077726349234581
357.13677978515625,2.6843395233154297,-0.14317703247070312,-0.077726349234581
357.1320495605469,-0.8156572580337524,-0.14317703247070312,-0.077726349234581
357.1272888183594,-4.315654277801514,-0.14317703247070312,179.92227172851562
357.12255859375,-7.815650939941406,-0.14317703247070312,179.92227172851562
357.1177978515625,-11.315648078918457,-0.14317703247070312,179.92227172851562
357.113037109375,-14.815645217895508,-0.14317703247070312,179.92227172851562
358.14630126953125,9.682977676391602,-0.14357617497444153,-0.077726349234581
358.14154052734375,6.182980060577393,-0.14357617497444153,-0.077726349234581
358.13677978515625,2.682982921600342,-0.14357617497444153,-0.077726349234581
358.1320495605469,-0.8170138597488403,-0.14357617497444153,-0.077726349234581
358.1272888183594,-4.317010879516602,-0.14357617497444153,179.92227172851562
358.12255859375,-7.817007541656494,-0.14357617497444153,179.92227172851562
358.1177978515625,-11.317005157470703,-0.14357617497444153,179.92227172851562
358.113037109375,-14.817001342773438,-0.14357617497444153,179.92227172851562
359.14630126953125,9.681620597839355,-0.14397530257701874,-0.077726349234581
359.14154052734375,6.181623458862305,-0.14397530257701874,-0.077726349234581
359.13677978515625,2.681626319885254,-0.14397530257701874,-0.077726349234581
359.1320495605469,-0.8183704614639282,-0.14397530257701874,-0.077726349234581
359.1272888183594,-4.3183674812316895,-0.14397530257701874,179.92227172851562
359.12255859375,-7.818364143371582,-0.14397530257701874,179.92227172851562
359.1177978515625,-11.318361282348633,-0.14397530257701874,179.92227172851562
359.113037109375,-14.818358421325684,-0.14397530257701874,179.92227172851562
360.14630126953125,9.68026351928711,-0.14437444508075714,-0.077726349234581
360.14154052734375,6.180266857147217,-0.14437444508075714,-0.077726349234581
360.13677978515625,2.680269718170166,-0.14437444508075714,-0.077726349234581
360.1320495605469,-0.8197270631790161,-0.14437444508075714,-0.077726349234581
360.1272888183594,-4.319724082946777,-0.14437444508075714,179.92227172851562
360.12255859375,-7.81972074508667,-0.14437444508075714,179.92227172851562
360.1177978515625,-11.319717407226562,-0.14437444508075714,179.92227172851562
360.113037109375,-14.81971549987793,-0.14437444508075714,179.92227172851562
361.14630126953125,9.67890739440918,-0.14477357268333435,-0.077726349234581
361.14154052734375,6.178910255432129,-0.14477357268333435,-0.077726349234581
361.13677978515625,2.678913116455078,-0.14477357268333435,-0.077726349234581
361.1320495605469,-0.821083664894104,-0.14477357268333435,-0.077726349234581
361.1272888183594,-4.321080684661865,-0.14477357268333435,179.92227172851562
361.12255859375,-7.821077346801758,-0.14477357268333435,179.92227172851562
361.1177978515625,-11.321074485778809,-0.14477357268333435,179.92227172851562
361.113037109375,-14.82107162475586,-0.14477357268333435,179.92227172851562
362.14630126953125,9.67755126953125,-0.14517271518707275,-0.077726349234581
362.14154052734375,6.177553653717041,-0.14517271518707275,-0.077726349234581
362.13677978515625,2.6775565147399902,-0.14517271518707275,-0.077726349234581
362.1320495605469,-0.8224402666091919,-0.14517271518707275,-0.077726349234581
362.1272888183594,-4.322437286376953,-0.14517271518707275,179.92227172851562
362.12255859375,-7.822433948516846,-0.14517271518707275,179.92227172851562
362.1177978515625,-11.322431564331055,-0.14517271518707275,179.92227172851562
362.113037109375,-14.822427749633789,-0.14517271518707275,179.92227172851562
363.14630126953125,9.676194190979004,-0.14557184278964996,-0.077726349234581
363.14154052734375,6.176197052001953,-0.14557184278964996,-0.077726349234581
363.13677978515625,2.6762001514434814,-0.14557184278964996,-0.077726349234581
363.1320495605469,-0.8237966299057007,-0.14557184278964996,-0.077726349234581
363.1272888183594,-4.323793411254883,-0.14557184278964996,179.92227172851562
363.12255859375,-7.823790550231934,-0.14557184278964996,179.92227172851562
363.1177978515625,-11.323787689208984,-0.14557184278964996,179.92227172851562
363.113037109375,-14.823784828186035,-0.14557184278964996,179.92227172851562
364.14630126953125,9.674838066101074,-0.14597098529338837,-0.077726349234581
364.14154052734375,6.174840927124023,-0.14597098529338837,-0.077726349234581
364.13677978515625,2.6748435497283936,-0.14597098529338837,-0.077726349234581
364.1320495605469,-0.8251532316207886,-0.14597098529338837,-0.077726349234581
364.1272888183594,-4.325150012969971,-0.14597098529338837,179.92227172851562
364.12255859375,-7.825146675109863,-0.14597098529338837,179.92227172851562
364.1177978515625,-11.325143814086914,-0.14597098529338837,179.92227172851562
364.113037109375,-14.825140953063965,-0.14597098529338837,179.92227172851562
365.14630126953125,9.673480987548828,-0.14637011289596558,-0.077726349234581
365.14154052734375,6.173483848571777,-0.14637011289596558,-0.077726349234581
365.13677978515625,2.6734869480133057,-0.14637011289596558,-0.077726349234581
365.1320495605469,-0.8265098333358765,-0.14637011289596558,-0.077726349234581
365.1272888183594,-4.326506614685059,-0.14637011289596558,179.92227172851562
365.12255859375,-7.826503753662109,-0.14637011289596558,179.92227172851562
365.1177978515625,-11.32650089263916,-0.14637011289596558,179.92227172851562
365.113037109375,-14.826498031616211,-0.14637011289596558,179.92227172851562
366.14630126953125,9.672124862670898,-0.14676925539970398,-0.077726349234581
366.14154052734375,6.172127723693848,-0.14676925539970398,-0.077726349234581
366.13677978515625,2.6721303462982178,-0.14676925539970398,-0.077726349234581
366.1320495605469,-0.8278664350509644,-0.14676925539970398,-0.077726349234581
366.1272888183594,-4.3278632164001465,-0.14676925539970398,179.92227172851562
366.12255859375,-7.827859878540039,-0.14676925539970398,179.92227172851562
366.1177978515625,-11.32785701751709,-0.14676925539970398,179.92227172851562
366.113037109375,-14.82785415649414,-0.14676925539970398,179.92227172851562
367.14630126953125,9.670767784118652,-0.1471683830022812,-0.077726349234581
367.14154052734375,6.170770645141602,-0.1471683830022812,-0.077726349234581
367.13677978515625,2.67077374458313,-0.1471683830022812,-0.077726349234581
367.1320495605469,-0.8292230367660522,-0.1471683830022812,-0.077726349234581
367.1272888183594,-4.329219818115234,-0.1471683830022812,179.92227172851562
367.12255859375,-7.829216957092285,-0.1471683830022812,179.92227172851562
367.1177978515625,-11.329214096069336,-0.1471683830022812,179.92227172851562
367.113037109375,-14.829211235046387,-0.1471683830022812,179.92227172851562
368.14630126953125,9.669411659240723,-0.1475675255060196,-0.077726349234581
368.14154052734375,6.169414520263672,-0.1475675255060196,-0.077726349234581
368.13677978515625,2.669417142868042,-0.1475675255060196,-0.077726349234581
368.1320495605469,-0.8305796384811401,-0.1475675255060196,-0.077726349234581
368.1272888183594,-4.330576419830322,-0.1475675255060196,179.92227172851562
368.12255859375,-7.830573081970215,-0.1475675255060196,179.92227172851562
368.1177978515625,-11.330570220947266,-0.1475675255060196,179.92227172851562
368.113037109375,-14.830567359924316,-0.1475675255060196,179.92227172851562
369.14630126953125,9.668054580688477,-0.147966668009758,-0.077726349234581
369.14154052734375,6.168057441711426,-0.147966668009758,-0.077726349234581
369.13677978515625,2.668060541152954,-0.147966668009758,-0.077726349234581
369.1320495605469,-0.831936240196228,-0.147966668009758,-0.077726349234581
369.1272888183594,-4.33193302154541,-0.147966668009758,179.92227172851562
369.12255859375,-7.831930160522461,-0.147966668009758,179.92227172851562
369.1177978515625,-11.331927299499512,-0.147966668009758,179.92227172851562
369.113037109375,-14.831924438476562,-0.147966668009758,179.92227172851562
370.14630126953125,9.666698455810547,-0.1483657956123352,-0.077726349234581
370.14154052734375,6.166701316833496,-0.1483657956123352,-0.077726349234581
370.13677978515625,2.666703939437866,-0.1483657956123352,-0.077726349234581
370.1320495605469,-0.8332928419113159,-0.1483657956123352,-0.077726349234581
370.1272888183594,-4.333289623260498,-0.1483657956123352,179.92227172851562
370.12255859375,-7.833286285400391,-0.1483657956123352,179.92227172851562
370.1177978515625,-11.333283424377441,-0.1483657956123352,179.92227172851562
370.113037109375,-14.833280563354492,-0.1483657956123352,179.92227172851562
371.14630126953125,9.6653413772583,-0.1487649381160736,-0.077726349234581
371.14154052734375,6.16534423828125,-0.1487649381160736,-0.077726349234581
371.13677978515625,2.6653473377227783,-0.1487649381160736,-0.077726349234581
371.1320495605469,-0.8346494436264038,-0.1487649381160736,-0.077726349234581
371.1272888183594,-4.334646224975586,-0.1487649381160736,179.92227172851562
371.12255859375,-7.834643363952637,-0.1487649381160736,179.92227172851562
371.1177978515625,-11.334640502929688,-0.1487649381160736,179.92227172851562
371.113037109375,-14.834637641906738,-0.1487649381160736,179.92227172851562
372.14630126953125,9.663985252380371,-0.14916406571865082,-0.077726349234581
372.14154052734375,6.16398811340332,-0.14916406571865082,-0.077726349234581
372.13677978515625,2.6639909744262695,-0.14916406571865082,-0.077726349234581
372.1320495605469,-0.8360058069229126,-0.14916406571865082,-0.077726349234581
372.1272888183594,-4.336002826690674,-0.14916406571865082,179.92227172851562
372.12255859375,-7.835999488830566,-0.14916406571865082,179.92227172851562
372.1177978515625,-11.335996627807617,-0.14916406571865082,179.92227172851562
372.113037109375,-14.835993766784668,-0.14916406571865082,179.92227172851562
373.14630126953125,9.662628173828125,-0.14956320822238922,-0.077726349234581
373.14154052734375,6.162631511688232,-0.14956320822238922,-0.077726349234581
373.13677978515625,2.6626343727111816,-0.14956320822238922,-0.077726349234581
373.1320495605469,-0.8373624086380005,-0.14956320822238922,-0.077726349234581
373.1272888183594,-4.337359428405762,-0.14956320822238922,179.92227172851562
373.12255859375,-7.837356090545654,-0.14956320822238922,179.92227172851562
373.1177978515625,-11.337352752685547,-0.14956320822238922,179.92227172851562
373.113037109375,-14.837350845336914,-0.14956320822238922,179.92227172851562
374.14630126953125,9.661272048950195,-0.14996233582496643,-0.077726349234581
374.14154052734375,6.1612749099731445,-0.14996233582496643,-0.077726349234581
374.13677978515625,2.6612777709960938,-0.14996233582496643,-0.077726349234581
374.1320495605469,-0.8387190103530884,-0.14996233582496643,-0.077726349234581
374.1272888183594,-4.33871603012085,-0.14996233582496643,179.92227172851562
374.12255859375,-7.838712692260742,-0.14996233582496643,179.92227172851562
374.1177978515625,-11.338709831237793,-0.14996233582496643,179.92227172851562
374.113037109375,-14.838706970214844,-0.14996233582496643,179.92227172851562
375.14630126953125,9.659915924072266,-0.15036147832870483,-0.077726349234581
375.14154052734375,6.159918308258057,-0.15036147832870483,-0.077726349234581
375.13677978515625,2.659921169281006,-0.15036147832870483,-0.077726349234581
375.1320495605469,-0.8400756120681763,-0.15036147832870483,-0.077726349234581
375.1272888183594,-4.3400726318359375,-0.15036147832870483,179.92227172851562
375.12255859375,-7.84006929397583,-0.15036147832870483,179.92227172851562
375.1177978515625,-11.340066909790039,-0.15036147832870483,179.92227172851562
375.113037109375,-14.840063095092773,-0.15036147832870483,179.92227172851562
376.14630126953125,9.65855884552002,-0.15076060593128204,-0.077726349234581
376.14154052734375,6.158561706542969,-0.15076060593128204,-0.077726349234581
376.13677978515625,2.658564567565918,-0.15076060593128204,-0.077726349234581
376.1320495605469,-0.8414322137832642,-0.15076060593128204,-0.077726349234581
376.1272888183594,-4.341429233551025,-0.15076060593128204,179.92227172851562
376.12255859375,-7.841425895690918,-0.15076060593128204,179.92227172851562
376.1177978515625,-11.341423034667969,-0.15076060593128204,179.92227172851562
376.113037109375,-14.84142017364502,-0.15076060593128204,179.92227172851562
377.14630126953125,9.657201766967773,-0.15115974843502045,-0.077726349234581
377.14154052734375,6.157205104827881,-0.15115974843502045,-0.077726349234581
377.13677978515625,2.65720796585083,-0.15115974843502045,-0.077726349234581
377.1320495605469,-0.842788815498352,-0.15115974843502045,-0.077726349234581
377.1272888183594,-4.342785835266113,-0.15115974843502045,179.92227172851562
377.12255859375,-7.842782497406006,-0.15115974843502045,179.92227172851562
377.1177978515625,-11.342779159545898,-0.15115974843502045,179.92227172851562
377.113037109375,-14.842777252197266,-0.15115974843502045,179.92227172851562
378.14630126953125,9.655845642089844,-0.15155887603759766,-0.077726349234581
378.14154052734375,6.155848503112793,-0.15155887603759766,-0.077726349234581
378.13677978515625,2.655851364135742,-0.15155887603759766,-0.077726349234581
378.1320495605469,-0.8441454172134399,-0.15155887603759766,-0.077726349234581
378.1272888183594,-4.344142436981201,-0.15155887603759766,179.92227172851562
378.12255859375,-7.844139099121094,-0.15155887603759766,179.92227172851562
378.1177978515625,-11.344136238098145,-0.15155887603759766,179.92227172851562
378.113037109375,-14.844133377075195,-0.15155887603759766,179.92227172851562
379.14630126953125,9.654489517211914,-0.15195801854133606,-0.077726349234581
379.14154052734375,6.154491901397705,-0.15195801854133606,-0.077726349234581
379.13677978515625,2.6544947624206543,-0.15195801854133606,-0.077726349234581
379.1320495605469,-0.8455020189285278,-0.15195801854133606,-0.077726349234581
379.1272888183594,-4.345499038696289,-0.15195801854133606,179.92227172851562
379.12255859375,-7.845495700836182,-0.15195801854133606,179.92227172851562
379.1177978515625,-11.34549331665039,-0.15195801854133606,179.92227172851562
379.113037109375,-14.845489501953125,-0.15195801854133606,179.92227172851562
380.14630126953125,9.653132438659668,-0.15235714614391327,-0.077726349234581
380.14154052734375,6.153135299682617,-0.15235714614391327,-0.077726349234581
380.13677978515625,2.6531381607055664,-0.15235714614391327,-0.077726349234581
380.1320495605469,-0.8468586206436157,-0.15235714614391327,-0.077726349234581
380.1272888183594,-4.346855640411377,-0.15235714614391327,179.92227172851562
380.12255859375,-7.8468523025512695,-0.15235714614391327,179.92227172851562
380.1177978515625,-11.34684944152832,-0.15235714614391327,179.92227172851562
380.113037109375,-14.846846580505371,-0.15235714614391327,179.92227172851562
381.1462707519531,9.651775360107422,-0.15275628864765167,-0.077726349234581
381.1415100097656,6.151778697967529,-0.15275628864765167,-0.077726349234581
381.1367492675781,2.6517815589904785,-0.15275628864765167,-0.077726349234581
381.13201904296875,-0.8482152223587036,-0.15275628864765167,-0.077726349234581
381.12725830078125,-4.348212242126465,-0.15275628864765167,179.92227172851562
381.1225280761719,-7.848208904266357,-0.15275628864765167,179.92227172851562
381.1177673339844,-11.34820556640625,-0.15275628864765167,179.92227172851562
381.1130065917969,-14.848203659057617,-0.15275628864765167,179.92227172851562
382.1462707519531,9.650419235229492,-0.15315541625022888,-0.077726349234581
382.1415100097656,6.150422096252441,-0.15315541625022888,-0.077726349234581
382.1367492675781,2.6504249572753906,-0.15315541625022888,-0.077726349234581
382.13201904296875,-0.8495718240737915,-0.15315541625022888,-0.077726349234581
382.12725830078125,-4.349568843841553,-0.15315541625022888,179.92227172851562
382.1225280761719,-7.849565505981445,-0.15315541625022888,179.92227172851562
382.1177673339844,-11.349562644958496,-0.15315541625022888,179.92227172851562
382.1130065917969,-14.849559783935547,-0.15315541625022888,179.92227172851562
383.1462707519531,9.649063110351562,-0.15355455875396729,-0.077726349234581
383.1415100097656,6.1490654945373535,-0.15355455875396729,-0.077726349234581
383.1367492675781,2.6490683555603027,-0.15355455875396729,-0.077726349234581
383.13201904296875,-0.8509284257888794,-0.15355455875396729,-0.077726349234581
383.12725830078125,-4.350925445556641,-0.15355455875396729,179.92227172851562
383.1225280761719,-7.850922107696533,-0.15355455875396729,179.92227172851562
383.1177673339844,-11.350919723510742,-0.15355455875396729,179.92227172851562
383.1130065917969,-14.850915908813477,-0.15355455875396729,179.92227172851562
384.1462707519531,9.647706031799316,-0.1539537012577057,-0.077726349234581
384.1415100097656,6.147708892822266,-0.1539537012577057,-0.077726349234581
384.1367492675781,2.647711753845215,-0.1539537012577057,-0.077726349234581
384.13201904296875,-0.8522850275039673,-0.1539537012577057,-0.077726349234581
384.12725830078125,-4.3522820472717285,-0.1539537012577057,179.92227172851562
384.1225280761719,-7.852278709411621,-0.1539537012577057,179.92227172851562
384.1177673339844,-11.352275848388672,-0.1539537012577057,179.92227172851562
384.1130065917969,-14.852272987365723,-0.1539537012577057,179.92227172851562
385.1462707519531,9.64634895324707,-0.1543528288602829,-0.077726349234581
385.1415100097656,6.146352291107178,-0.1543528288602829,-0.077726349234581
385.1367492675781,2.646355152130127,-0.1543528288602829,-0.077726349234581
385.13201904296875,-0.8536416292190552,-0.1543528288602829,-0.077726349234581
385.12725830078125,-4.353638648986816,-0.1543528288602829,179.92227172851562
385.1225280761719,-7.853635311126709,-0.1543528288602829,179.92227172851562
385.1177673339844,-11.353631973266602,-0.1543528288602829,179.92227172851562
385.1130065917969,-14.853630065917969,-0.1543528288602829,179.92227172851562
386.1462707519531,9.64499282836914,-0.1547519713640213,-0.077726349234581
386.1415100097656,6.14499568939209,-0.1547519713640213,-0.077726349234581
386.1367492675781,2.644998788833618,-0.1547519713640213,-0.077726349234581
386.13201904296875,-0.854997992515564,-0.1547519713640213,-0.077726349234581
386.12725830078125,-4.354994773864746,-0.1547519713640213,179.92227172851562
386.1225280761719,-7.854991912841797,-0.1547519713640213,179.92227172851562
386.1177673339844,-11.354989051818848,-0.1547519713640213,179.92227172851562
386.1130065917969,-14.854986190795898,-0.1547519713640213,179.92227172851562
387.1462707519531,9.643636703491211,-0.1551510989665985,-0.077726349234581
387.1415100097656,6.14363956451416,-0.1551510989665985,-0.077726349234581
387.1367492675781,2.6436421871185303,-0.1551510989665985,-0.077726349234581
387.13201904296875,-0.8563545942306519,-0.1551510989665985,-0.077726349234581
387.12725830078125,-4.356351375579834,-0.1551510989665985,179.92227172851562
387.1225280761719,-7.856348037719727,-0.1551510989665985,179.92227172851562
387.1177673339844,-11.356345176696777,-0.1551510989665985,179.92227172851562
387.1130065917969,-14.856342315673828,-0.1551510989665985,179.92227172851562
388.1462707519531,9.642279624938965,-0.15555024147033691,-0.077726349234581
388.1415100097656,6.142282485961914,-0.15555024147033691,-0.077726349234581
388.1367492675781,2.6422855854034424,-0.15555024147033691,-0.077726349234581
388.13201904296875,-0.8577111959457397,-0.15555024147033691,-0.077726349234581
388.12725830078125,-4.357707977294922,-0.15555024147033691,179.92227172851562
388.1225280761719,-7.857705116271973,-0.15555024147033691,179.92227172851562
388.1177673339844,-11.357702255249023,-0.15555024147033691,179.92227172851562
388.1130065917969,-14.857699394226074,-0.15555024147033691,179.92227172851562
389.1462707519531,9.640923500061035,-0.15594936907291412,-0.077726349234581
389.1415100097656,6.140926361083984,-0.15594936907291412,-0.077726349234581
389.1367492675781,2.6409289836883545,-0.15594936907291412,-0.077726349234581
389.13201904296875,-0.8590677976608276,-0.15594936907291412,-0.077726349234581
389.12725830078125,-4.35906457901001,-0.15594936907291412,179.92227172851562
389.1225280761719,-7.859061241149902,-0.15594936907291412,179.92227172851562
389.1177673339844,-11.359058380126953,-0.15594936907291412,179.92227172851562
389.1130065917969,-14.859055519104004,-0.15594936907291412,179.92227172851562
390.1462707519531,9.639566421508789,-0.15634851157665253,-0.077726349234581
390.1415100097656,6.139569282531738,-0.15634851157665253,-0.077726349234581
390.1367492675781,2.6395723819732666,-0.15634851157665253,-0.077726349234581
390.13201904296875,-0.8604243993759155,-0.15634851157665253,-0.077726349234581
390.12725830078125,-4.360421180725098,-0.15634851157665253,179.92227172851562
390.1225280761719,-7.860418319702148,-0.15634851157665253,179.92227172851562
390.1177673339844,-11.3604154586792,-0.15634851157665253,179.92227172851562
390.1130065917969,-14.86041259765625,-0.15634851157665253,179.92227172851562
391.1462707519531,9.63821029663086,-0.15674763917922974,-0.077726349234581
391.1415100097656,6.138213157653809,-0.15674763917922974,-0.077726349234581
391.1367492675781,2.6382157802581787,-0.15674763917922974,-0.077726349234581
391.13201904296875,-0.8617810010910034,-0.15674763917922974,-0.077726349234581
391.12725830078125,-4.3617777824401855,-0.15674763917922974,179.92227172851562
391.1225280761719,-7.861774444580078,-0.15674763917922974,179.92227172851562
391.1177673339844,-11.361771583557129,-0.15674763917922974,179.92227172851562
391.1130065917969,-14.86176872253418,-0.15674763917922974,179.92227172851562
392.1462707519531,9.636853218078613,-0.15714678168296814,-0.077726349234581
392.1415100097656,6.1368560791015625,-0.15714678168296814,-0.077726349234581
392.1367492675781,2.636859178543091,-0.15714678168296814,-0.077726349234581
392.13201904296875,-0.8631376028060913,-0.15714678168296814,-0.077726349234581
392.12725830078125,-4.363134384155273,-0.15714678168296814,179.92227172851562
392.1225280761719,-7.863131523132324,-0.15714678168296814,179.92227172851562
392.1177673339844,-11.363128662109375,-0.15714678168296814,179.92227172851562
392.1130065917969,-14.863125801086426,-0.15714678168296814,179.92227172851562
393.1462707519531,9.635497093200684,-0.15754590928554535,-0.077726349234581
393.1415100097656,6.135499954223633,-0.15754590928554535,-0.077726349234581
393.1367492675781,2.635502576828003,-0.15754590928554535,-0.077726349234581
393.13201904296875,-0.8644942045211792,-0.15754590928554535,-0.077726349234581
393.12725830078125,-4.364490985870361,-0.15754590928554535,179.92227172851562
393.1225280761719,-7.864487648010254,-0.15754590928554535,179.92227172851562
393.1177673339844,-11.364484786987305,-0.15754590928554535,179.92227172851562
393.1130065917969,-14.864481925964355,-0.15754590928554535,179.92227172851562
394.1462707519531,9.634140014648438,-0.15794505178928375,-0.077726349234581
394.1415100097656,6.134143352508545,-0.15794505178928375,-0.077726349234581
394.1367492675781,2.634146213531494,-0.15794505178928375,-0.077726349234581
394.13201904296875,-0.865850567817688,-0.15794505178928375,-0.077726349234581
394.12725830078125,-4.365847587585449,-0.15794505178928375,179.92227172851562
394.1225280761719,-7.865844249725342,-0.15794505178928375,179.92227172851562
394.1177673339844,-11.365840911865234,-0.15794505178928375,179.92227172851562
394.1130065917969,-14.865839004516602,-0.15794505178928375,179.92227172851562
395.1462707519531,9.632783889770508,-0.15834417939186096,-0.077726349234581
395.1415100097656,6.132786750793457,-0.15834417939186096,-0.077726349234581
395.1367492675781,2.6327896118164062,-0.15834417939186096,-0.077726349234581
395.13201904296875,-0.8672071695327759,-0.15834417939186096,-0.077726349234581
395.12725830078125,-4.367204189300537,-0.15834417939186096,179.92227172851562
395.1225280761719,-7.86720085144043,-0.15834417939186096,179.92227172851562
395.1177673339844,-11.36719799041748,-0.15834417939186096,179.92227172851562
395.1130065917969,-14.867195129394531,-0.15834417939186096,179.92227172851562
396.1462707519531,9.631427764892578,-0.15874332189559937,-0.077726349234581
396.1415100097656,6.131430149078369,-0.15874332189559937,-0.077726349234581
396.1367492675781,2.6314330101013184,-0.15874332189559937,-0.077726349234581
396.13201904296875,-0.8685637712478638,-0.15874332189559937,-0.077726349234581
396.12725830078125,-4.368560791015625,-0.15874332189559937,179.92227172851562
396.1225280761719,-7.868557453155518,-0.15874332189559937,179.92227172851562
396.1177673339844,-11.368555068969727,-0.15874332189559937,179.92227172851562
396.1130065917969,-14.868551254272461,-0.15874332189559937,179.92227172851562
397.1462707519531,9.630070686340332,-0.15914244949817657,-0.077726349234581
397.1415100097656,6.130073547363281,-0.15914244949817657,-0.077726349234581
397.1367492675781,2.6300764083862305,-0.15914244949817657,-0.077726349234581
397.13201904296875,-0.8699203729629517,-0.15914244949817657,-0.077726349234581
397.12725830078125,-4.369917392730713,-0.15914244949817657,179.92227172851562
397.1225280761719,-7.8699140548706055,-0.15914244949817657,179.92227172851562
397.1177673339844,-11.369911193847656,-0.15914244949817657,179.92227172851562
397.1130065917969,-14.869908332824707,-0.15914244949817657,179.92227172851562
398.1462707519531,9.628713607788086,-0.15954159200191498,-0.077726349234581
398.1415100097656,6.128716945648193,-0.15954159200191498,-0.077726349234581
398.1367492675781,2.6287198066711426,-0.15954159200191498,-0.077726349234581
398.13201904296875,-0.8712769746780396,-0.15954159200191498,-0.077726349234581
398.12725830078125,-4.371273994445801,-0.15954159200191498,179.92227172851562
398.1225280761719,-7.871270656585693,-0.15954159200191498,179.92227172851562
398.1177673339844,-11.371267318725586,-0.15954159200191498,179.92227172851562
398.1130065917969,-14.871265411376953,-0.15954159200191498,179.92227172851562
399.1462707519531,9.627357482910156,-0.15994073450565338,-0.077726349234581
399.1415100097656,6.1273603439331055,-0.15994073450565338,-0.077726349234581
399.1367492675781,2.6273632049560547,-0.15994073450565338,-0.077726349234581
399.13201904296875,-0.8726335763931274,-0.15994073450565338,-0.077726349234581
399.12725830078125,-4.372630596160889,-0.15994073450565338,179.92227172851562
399.1225280761719,-7.872627258300781,-0.15994073450565338,179.92227172851562
399.1177673339844,-11.372624397277832,-0.15994073450565338,179.92227172851562
399.1130065917969,-14.872621536254883,-0.15994073450565338,179.92227172851562
400.1462707519531,9.626001358032227,-0.1603398621082306,-0.077726349234581
400.1415100097656,6.126003742218018,-0.1603398621082306,-0.077726349234581
400.1367492675781,2.626006603240967,-0.1603398621082306,-0.077726349234581
400.13201904296875,-0.8739901781082153,-0.1603398621082306,-0.077726349234581
400.12725830078125,-4.373987197875977,-0.1603398621082306,179.92227172851562
400.1225280761719,-7.873983860015869,-0.1603398621082306,179.92227172851562
400.1177673339844,-11.373981475830078,-0.1603398621082306,179.92227172851562
400.1130065917969,-14.873977661132812,-0.1603398621082306,179.92227172851562
401.1462707519531,9.62464427947998,-0.160739004611969,-0.077726349234581
401.1415100097656,6.12464714050293,-0.160739004611969,-0.077726349234581
401.1367492675781,2.624650001525879,-0.160739004611969,-0.077726349234581
401.13201904296875,-0.8753467798233032,-0.160739004611969,-0.077726349234581
401.12725830078125,-4.3753437995910645,-0.160739004611969,179.92227172851562
401.1225280761719,-7.875340461730957,-0.160739004611969,179.92227172851562
401.1177673339844,-11.375337600708008,-0.160739004611969,179.92227172851562
401.1130065917969,-14.875334739685059,-0.160739004611969,179.92227172851562
402.1462707519531,9.623287200927734,-0.1611381322145462,-0.077726349234581
402.1415100097656,6.123290538787842,-0.1611381322145462,-0.077726349234581
402.1367492675781,2.623293399810791,-0.1611381322145462,-0.077726349234581
402.13201904296875,-0.8767033815383911,-0.1611381322145462,-0.077726349234581
402.12725830078125,-4.376700401306152,-0.1611381322145462,179.92227172851562
402.1225280761719,-7.876697063446045,-0.1611381322145462,179.92227172851562
402.1177673339844,-11.376693725585938,-0.1611381322145462,179.92227172851562
402.1130065917969,-14.876691818237305,-0.1611381322145462,179.92227172851562
403.1462707519531,9.621931076049805,-0.1615372747182846,-0.077726349234581
403.1415100097656,6.121933937072754,-0.1615372747182846,-0.077726349234581
403.1367492675781,2.621936798095703,-0.1615372747182846,-0.077726349234581
403.13201904296875,-0.878059983253479,-0.1615372747182846,-0.077726349234581
403.12725830078125,-4.37805700302124,-0.1615372747182846,179.92227172851562
403.1225280761719,-7.878053665161133,-0.1615372747182846,179.92227172851562
403.1177673339844,-11.378050804138184,-0.1615372747182846,179.92227172851562
403.1130065917969,-14.878047943115234,-0.1615372747182846,179.92227172851562
404.1462707519531,9.620574951171875,-0.16193640232086182,-0.077726349234581
404.1415100097656,6.120577335357666,-0.16193640232086182,-0.077726349234581
404.1367492675781,2.6205801963806152,-0.16193640232086182,-0.077726349234581
404.13201904296875,-0.8794165849685669,-0.16193640232086182,-0.077726349234581
404.12725830078125,-4.379413604736328,-0.16193640232086182,179.92227172851562
404.1225280761719,-7.879410266876221,-0.16193640232086182,179.92227172851562
404.1177673339844,-11.37940788269043,-0.16193640232086182,179.92227172851562
404.1130065917969,-14.879404067993164,-0.16193640232086182,179.92227172851562
405.1462707519531,9.619217872619629,-0.16233554482460022,-0.077726349234581
405.1415100097656,6.119220733642578,-0.16233554482460022,-0.077726349234581
405.1367492675781,2.6192235946655273,-0.16233554482460022,-0.077726349234581
405.13201904296875,-0.8807731866836548,-0.16233554482460022,-0.077726349234581
405.12725830078125,-4.380770206451416,-0.16233554482460022,179.92227172851562
405.1225280761719,-7.880766868591309,-0.16233554482460022,179.92227172851562
405.1177673339844,-11.38076400756836,-0.16233554482460022,179.92227172851562
405.1130065917969,-14.88076114654541,-0.16233554482460022,179.92227172851562
406.1462707519531,9.617860794067383,-0.16273467242717743,-0.077726349234581
406.1415100097656,6.11786413192749,-0.16273467242717743,-0.077726349234581
406.1367492675781,2.6178669929504395,-0.16273467242717743,-0.077726349234581
406.13201904296875,-0.8821297883987427,-0.16273467242717743,-0.077726349234581
406.12725830078125,-4.382126808166504,-0.16273467242717743,179.92227172851562
406.1225280761719,-7.8821234703063965,-0.16273467242717743,179.92227172851562
406.1177673339844,-11.382120132446289,-0.16273467242717743,179.92227172851562
406.1130065917969,-14.882118225097656,-0.16273467242717743,179.92227172851562
407.1462707519531,9.616504669189453,-0.16313381493091583,-0.077726349234581
407.1415100097656,6.116507530212402,-0.16313381493091583,-0.077726349234581
407.1367492675781,2.6165103912353516,-0.16313381493091583,-0.077726349234581
407.13201904296875,-0.8834863901138306,-0.16313381493091583,-0.077726349234581
407.12725830078125,-4.383483409881592,-0.16313381493091583,179.92227172851562
407.1225280761719,-7.883480072021484,-0.16313381493091583,179.92227172851562
407.1177673339844,-11.383477210998535,-0.16313381493091583,179.92227172851562
407.1130065917969,-14.883474349975586,-0.16313381493091583,179.92227172851562
408.1462707519531,9.615148544311523,-0.16353294253349304,-0.077726349234581
408.1415100097656,6.115151405334473,-0.16353294253349304,-0.077726349234581
408.1367492675781,2.6151540279388428,-0.16353294253349304,-0.077726349234581
408.13201904296875,-0.8848427534103394,-0.16353294253349304,-0.077726349234581
408.12725830078125,-4.3848395347595215,-0.16353294253349304,179.92227172851562
408.1225280761719,-7.884836196899414,-0.16353294253349304,179.92227172851562
408.1177673339844,-11.384833335876465,-0.16353294253349304,179.92227172851562
408.1130065917969,-14.884830474853516,-0.16353294253349304,179.92227172851562
409.1462707519531,9.613791465759277,-0.16393208503723145,-0.077726349234581
409.1415100097656,6.113794326782227,-0.16393208503723145,-0.077726349234581
409.1367492675781,2.613797426223755,-0.16393208503723145,-0.077726349234581
409.13201904296875,-0.8861993551254272,-0.16393208503723145,-0.077726349234581
409.12725830078125,-4.386196136474609,-0.16393208503723145,179.92227172851562
409.1225280761719,-7.88619327545166,-0.16393208503723145,179.92227172851562
409.1177673339844,-11.386190414428711,-0.16393208503723145,179.92227172851562
409.1130065917969,-14.886187553405762,-0.16393208503723145,179.92227172851562
410.1462707519531,9.612435340881348,-0.16433121263980865,-0.077726349234581
410.1415100097656,6.112438201904297,-0.16433121263980865,-0.077726349234581
410.1367492675781,2.612440824508667,-0.16433121263980865,-0.077726349234581
410.13201904296875,-0.8875559568405151,-0.16433121263980865,-0.077726349234581
410.12725830078125,-4.387552738189697,-0.16433121263980865,179.92227172851562
410.1225280761719,-7.88754940032959,-0.16433121263980865,179.92227172851562
410.1177673339844,-11.38754653930664,-0.16433121263980865,179.92227172851562
410.1130065917969,-14.887543678283691,-0.16433121263980865,179.92227172851562
411.1462707519531,9.611078262329102,-0.16473035514354706,-0.077726349234581
411.1415100097656,6.111081123352051,-0.16473035514354706,-0.077726349234581
411.1367492675781,2.611084222793579,-0.16473035514354706,-0.077726349234581
411.13201904296875,-0.888912558555603,-0.16473035514354706,-0.077726349234581
411.12725830078125,-4.388909339904785,-0.16473035514354706,179.92227172851562
411.1225280761719,-7.888906478881836,-0.16473035514354706,179.92227172851562
411.1177673339844,-11.388903617858887,-0.16473035514354706,179.92227172851562
411.1130065917969,-14.888900756835938,-0.16473035514354706,179.92227172851562
412.1462707519531,9.609722137451172,-0.16512948274612427,-0.077726349234581
412.1415100097656,6.109724998474121,-0.16512948274612427,-0.077726349234581
412.1367492675781,2.609727621078491,-0.16512948274612427,-0.077726349234581
412.13201904296875,-0.8902691602706909,-0.16512948274612427,-0.077726349234581
412.12725830078125,-4.390265941619873,-0.16512948274612427,179.92227172851562
412.1225280761719,-7.890262603759766,-0.16512948274612427,179.92227172851562
412.1177673339844,-11.390259742736816,-0.16512948274612427,179.92227172851562
412.1130065917969,-14.890256881713867,-0.16512948274612427,179.92227172851562
413.1462707519531,9.608365058898926,-0.16552862524986267,-0.077726349234581
413.1415100097656,6.108367919921875,-0.16552862524986267,-0.077726349234581
413.1367492675781,2.6083710193634033,-0.16552862524986267,-0.077726349234581
413.13201904296875,-0.8916257619857788,-0.16552862524986267,-0.077726349234581
413.12725830078125,-4.391622543334961,-0.16552862524986267,179.92227172851562
413.1225280761719,-7.891619682312012,-0.16552862524986267,179.92227172851562
413.1177673339844,-11.391616821289062,-0.16552862524986267,179.92227172851562
413.1130065917969,-14.891613960266113,-0.16552862524986267,179.92227172851562
414.146240234375,9.607008934020996,-0.16592776775360107,-0.077726349234581
414.1414794921875,6.107011795043945,-0.16592776775360107,-0.077726349234581
414.13671875,2.6070144176483154,-0.16592776775360107,-0.077726349234581
414.1319885253906,-0.8929823637008667,-0.16592776775360107,-0.077726349234581
414.1272277832031,-4.392979145050049,-0.16592776775360107,179.92227172851562
414.12249755859375,-7.892975807189941,-0.16592776775360107,179.92227172851562
414.11773681640625,-11.392972946166992,-0.16592776775360107,179.92227172851562
414.11297607421875,-14.892970085144043,-0.16592776775360107,179.92227172851562
415.146240234375,9.60565185546875,-0.16632689535617828,-0.077726349234581
415.1414794921875,6.105654716491699,-0.16632689535617828,-0.077726349234581
415.13671875,2.6056578159332275,-0.16632689535617828,-0.077726349234581
415.1319885253906,-0.8943389654159546,-0.16632689535617828,-0.077726349234581
415.1272277832031,-4.394335746765137,-0.16632689535617828,179.92227172851562
415.12249755859375,-7.8943328857421875,-0.16632689535617828,179.92227172851562
415.11773681640625,-11.394330024719238,-0.16632689535617828,179.92227172851562
415.11297607421875,-14.894327163696289,-0.16632689535617828,179.92227172851562
416.146240234375,9.60429573059082,-0.1667260378599167,-0.077726349234581
416.1414794921875,6.1042985916137695,-0.1667260378599167,-0.077726349234581
416.13671875,2.6043014526367188,-0.1667260378599167,-0.077726349234581
416.1319885253906,-0.8956953287124634,-0.1667260378599167,-0.077726349234581
416.1272277832031,-4.395692348480225,-0.1667260378599167,179.92227172851562
416.12249755859375,-7.895689010620117,-0.1667260378599167,179.92227172851562
416.11773681640625,-11.395686149597168,-0.1667260378599167,179.92227172851562
416.11297607421875,-14.895683288574219,-0.1667260378599167,179.92227172851562
417.146240234375,9.60293960571289,-0.1671251654624939,-0.077726349234581
417.1414794921875,6.102941989898682,-0.1671251654624939,-0.077726349234581
417.13671875,2.602944850921631,-0.1671251654624939,-0.077726349234581
417.1319885253906,-0.8970519304275513,-0.1671251654624939,-0.077726349234581
417.1272277832031,-4.3970489501953125,-0.1671251654624939,179.92227172851562
417.12249755859375,-7.897045612335205,-0.1671251654624939,179.92227172851562
417.11773681640625,-11.397043228149414,-0.1671251654624939,179.92227172851562
417.11297607421875,-14.897039413452148,-0.1671251654624939,179.92227172851562
418.146240234375,9.601582527160645,-0.1675243079662323,-0.077726349234581
418.1414794921875,6.101585388183594,-0.1675243079662323,-0.077726349234581
418.13671875,2.601588249206543,-0.1675243079662323,-0.077726349234581
418.1319885253906,-0.8984085321426392,-0.1675243079662323,-0.077726349234581
418.1272277832031,-4.3984055519104,-0.1675243079662323,179.92227172851562
418.12249755859375,-7.898402214050293,-0.1675243079662323,179.92227172851562
418.11773681640625,-11.398399353027344,-0.1675243079662323,179.92227172851562
418.11297607421875,-14.898396492004395,-0.1675243079662323,179.92227172851562
419.146240234375,9.600225448608398,-0.1679234355688095,-0.077726349234581
419.1414794921875,6.100228786468506,-0.1679234355688095,-0.077726349234581
419.13671875,2.600231647491455,-0.1679234355688095,-0.077726349234581
419.1319885253906,-0.899765133857727,-0.1679234355688095,-0.077726349234581
419.1272277832031,-4.399762153625488,-0.1679234355688095,179.92227172851562
419.12249755859375,-7.899758815765381,-0.1679234355688095,179.92227172851562
419.11773681640625,-11.399755477905273,-0.1679234355688095,179.92227172851562
419.11297607421875,-14.89975357055664,-0.1679234355688095,179.92227172851562
420.146240234375,9.598869323730469,-0.1683225780725479,-0.077726349234581
420.1414794921875,6.098872184753418,-0.1683225780725479,-0.077726349234581
420.13671875,2.598875045776367,-0.1683225780725479,-0.077726349234581
420.1319885253906,-0.9011217355728149,-0.1683225780725479,-0.077726349234581
420.1272277832031,-4.401118755340576,-0.1683225780725479,179.92227172851562
420.12249755859375,-7.901115417480469,-0.1683225780725479,179.92227172851562
420.11773681640625,-11.40111255645752,-0.1683225780725479,179.92227172851562
420.11297607421875,-14.90110969543457,-0.1683225780725479,179.92227172851562
421.146240234375,9.597513198852539,-0.16872170567512512,-0.077726349234581
421.1414794921875,6.09751558303833,-0.16872170567512512,-0.077726349234581
421.13671875,2.5975184440612793,-0.16872170567512512,-0.077726349234581
421.1319885253906,-0.9024783372879028,-0.16872170567512512,-0.077726349234581
421.1272277832031,-4.402475357055664,-0.16872170567512512,179.92227172851562
421.12249755859375,-7.902472019195557,-0.16872170567512512,179.92227172851562
421.11773681640625,-11.402469635009766,-0.16872170567512512,179.92227172851562
421.11297607421875,-14.9024658203125,-0.16872170567512512,179.92227172851562
422.146240234375,9.596156120300293,-0.16912084817886353,-0.077726349234581
422.1414794921875,6.096158981323242,-0.16912084817886353,-0.077726349234581
422.13671875,2.5961618423461914,-0.16912084817886353,-0.077726349234581
422.1319885253906,-0.9038349390029907,-0.16912084817886353,-0.077726349234581
422.1272277832031,-4.403831958770752,-0.16912084817886353,179.92227172851562
422.12249755859375,-7.9038286209106445,-0.16912084817886353,179.92227172851562
422.11773681640625,-11.403825759887695,-0.16912084817886353,179.92227172851562
422.11297607421875,-14.903822898864746,-0.16912084817886353,179.92227172851562
423.146240234375,9.594799041748047,-0.16951997578144073,-0.077726349234581
423.1414794921875,6.094802379608154,-0.16951997578144073,-0.077726349234581
423.13671875,2.5948052406311035,-0.16951997578144073,-0.077726349234581
423.1319885253906,-0.9051915407180786,-0.16951997578144073,-0.077726349234581
423.1272277832031,-4.40518856048584,-0.16951997578144073,179.92227172851562
423.12249755859375,-7.905185222625732,-0.16951997578144073,179.92227172851562
423.11773681640625,-11.405181884765625,-0.16951997578144073,179.92227172851562
423.11297607421875,-14.905179977416992,-0.16951997578144073,179.92227172851562
424.146240234375,9.593442916870117,-0.16991911828517914,-0.077726349234581
424.1414794921875,6.093445777893066,-0.16991911828517914,-0.077726349234581
424.13671875,2.5934486389160156,-0.16991911828517914,-0.077726349234581
424.1319885253906,-0.9065481424331665,-0.16991911828517914,-0.077726349234581
424.1272277832031,-4.406545162200928,-0.16991911828517914,179.92227172851562
424.12249755859375,-7.90654182434082,-0.16991911828517914,179.92227172851562
424.11773681640625,-11.406538963317871,-0.16991911828517914,179.92227172851562
424.11297607421875,-14.906536102294922,-0.16991911828517914,179.92227172851562
425.146240234375,9.592086791992188,-0.17031824588775635,-0.077726349234581
425.1414794921875,6.0920891761779785,-0.17031824588775635,-0.077726349234581
425.13671875,2.5920920372009277,-0.17031824588775635,-0.077726349234581
425.1319885253906,-0.9079047441482544,-0.17031824588775635,-0.077726349234581
425.1272277832031,-4.407901763916016,-0.17031824588775635,179.92227172851562
425.12249755859375,-7.907898426055908,-0.17031824588775635,179.92227172851562
425.11773681640625,-11.407896041870117,-0.17031824588775635,179.92227172851562
425.11297607421875,-14.907892227172852,-0.17031824588775635,179.92227172851562
426.146240234375,9.590729713439941,-0.17071738839149475,-0.077726349234581
426.1414794921875,6.090732574462891,-0.17071738839149475,-0.077726349234581
426.13671875,2.59073543548584,-0.17071738839149475,-0.077726349234581
426.1319885253906,-0.9092613458633423,-0.17071738839149475,-0.077726349234581
426.1272277832031,-4.4092583656311035,-0.17071738839149475,179.92227172851562
426.12249755859375,-7.909255027770996,-0.17071738839149475,179.92227172851562
426.11773681640625,-11.409252166748047,-0.17071738839149475,179.92227172851562
426.11297607421875,-14.909249305725098,-0.17071738839149475,179.92227172851562
427.146240234375,9.589372634887695,-0.17111651599407196,-0.077726349234581
427.1414794921875,6.089375972747803,-0.17111651599407196,-0.077726349234581
427.13671875,2.589378833770752,-0.17111651599407196,-0.077726349234581
427.1319885253906,-0.9106179475784302,-0.17111651599407196,-0.077726349234581
427.1272277832031,-4.410614967346191,-0.17111651599407196,179.92227172851562
427.12249755859375,-7.910611629486084,-0.17111651599407196,179.92227172851562
427.11773681640625,-11.410608291625977,-0.17111651599407196,179.92227172851562
427.11297607421875,-14.910606384277344,-0.17111651599407196,179.92227172851562
428.146240234375,9.588016510009766,-0.17151565849781036,-0.077726349234581
428.1414794921875,6.088019371032715,-0.17151565849781036,-0.077726349234581
428.13671875,2.588022232055664,-0.17151565849781036,-0.077726349234581
428.1319885253906,-0.9119745492935181,-0.17151565849781036,-0.077726349234581
428.1272277832031,-4.411971569061279,-0.17151565849781036,179.92227172851562
428.12249755859375,-7.911968231201172,-0.17151565849781036,179.92227172851562
428.11773681640625,-11.411965370178223,-0.17151565849781036,179.92227172851562
428.11297607421875,-14.911962509155273,-0.17151565849781036,179.92227172851562
429.146240234375,9.586660385131836,-0.17191480100154877,-0.077726349234581
429.1414794921875,6.086662769317627,-0.17191480100154877,-0.077726349234581
429.13671875,2.586665630340576,-0.17191480100154877,-0.077726349234581
429.1319885253906,-0.913331151008606,-0.17191480100154877,-0.077726349234581
429.1272277832031,-4.413328170776367,-0.17191480100154877,179.92227172851562
429.12249755859375,-7.91332483291626,-0.17191480100154877,179.92227172851562
429.11773681640625,-11.413322448730469,-0.17191480100154877,179.92227172851562
429.11297607421875,-14.913318634033203,-0.17191480100154877,179.92227172851562
430.146240234375,9.58530330657959,-0.17231392860412598,-0.077726349234581
430.1414794921875,6.085306167602539,-0.17231392860412598,-0.077726349234581
430.13671875,2.5853092670440674,-0.17231392860412598,-0.077726349234581
430.1319885253906,-0.9146875143051147,-0.17231392860412598,-0.077726349234581
430.1272277832031,-4.414684295654297,-0.17231392860412598,179.92227172851562
430.12249755859375,-7.914681434631348,-0.17231392860412598,179.92227172851562
430.11773681640625,-11.414678573608398,-0.17231392860412598,179.92227172851562
430.11297607421875,-14.91467571258545,-0.17231392860412598,179.92227172851562
431.146240234375,9.58394718170166,-0.17271307110786438,-0.077726349234581
431.1414794921875,6.083950042724609,-0.17271307110786438,-0.077726349234581
431.13671875,2.5839526653289795,-0.17271307110786438,-0.077726349234581
431.1319885253906,-0.9160441160202026,-0.17271307110786438,-0.077726349234581
431.1272277832031,-4.416040897369385,-0.17271307110786438,179.92227172851562
431.12249755859375,-7.916037559509277,-0.17271307110786438,179.92227172851562
431.11773681640625,-11.416034698486328,-0.17271307110786438,179.92227172851562
431.11297607421875,-14.916031837463379,-0.17271307110786438,179.92227172851562
432.146240234375,9.582590103149414,-0.1731121987104416,-0.077726349234581
432.1414794921875,6.082592964172363,-0.1731121987104416,-0.077726349234581
432.13671875,2.5825960636138916,-0.1731121987104416,-0.077726349234581
432.1319885253906,-0.9174007177352905,-0.1731121987104416,-0.077726349234581
432.1272277832031,-4.417397499084473,-0.1731121987104416,179.92227172851562
432.12249755859375,-7.917394638061523,-0.1731121987104416,179.92227172851562
432.11773681640625,-11.417391777038574,-0.1731121987104416,179.92227172851562
432.11297607421875,-14.917388916015625,-0.1731121987104416,179.92227172851562
433.146240234375,9.581233978271484,-0.17351134121418,-0.077726349234581
433.1414794921875,6.081236839294434,-0.17351134121418,-0.077726349234581
433.13671875,2.5812394618988037,-0.17351134121418,-0.077726349234581
433.1319885253906,-0.9187573194503784,-0.17351134121418,-0.077726349234581
433.1272277832031,-4.4187541007995605,-0.17351134121418,179.92227172851562
433.12249755859375,-7.918750762939453,-0.17351134121418,179.92227172851562
433.11773681640625,-11.418747901916504,-0.17351134121418,179.92227172851562
433.11297607421875,-14.918745040893555,-0.17351134121418,179.92227172851562
434.146240234375,9.579876899719238,-0.1739104688167572,-0.077726349234581
434.1414794921875,6.0798797607421875,-0.1739104688167572,-0.077726349234581
434.13671875,2.579882860183716,-0.1739104688167572,-0.077726349234581
434.1319885253906,-0.9201139211654663,-0.1739104688167572,-0.077726349234581
434.1272277832031,-4.420110702514648,-0.1739104688167572,179.92227172851562
434.12249755859375,-7.920107841491699,-0.1739104688167572,179.92227172851562
434.11773681640625,-11.42010498046875,-0.1739104688167572,179.92227172851562
434.11297607421875,-14.9201021194458,-0.1739104688167572,179.92227172851562
435.146240234375,9.578520774841309,-0.1743096113204956,-0.077726349234581
435.1414794921875,6.078523635864258,-0.1743096113204956,-0.077726349234581
435.13671875,2.578526258468628,-0.1743096113204956,-0.077726349234581
435.1319885253906,-0.9214705228805542,-0.1743096113204956,-0.077726349234581
435.1272277832031,-4.421467304229736,-0.1743096113204956,179.92227172851562
435.12249755859375,-7.921463966369629,-0.1743096113204956,179.92227172851562
435.11773681640625,-11.42146110534668,-0.1743096113204956,179.92227172851562
435.11297607421875,-14.92145824432373,-0.1743096113204956,179.92227172851562
436.146240234375,9.577163696289062,-0.17470873892307281,-0.077726349234581
436.1414794921875,6.077166557312012,-0.17470873892307281,-0.077726349234581
436.13671875,2.57716965675354,-0.17470873892307281,-0.077726349234581
436.1319885253906,-0.9228271245956421,-0.17470873892307281,-0.077726349234581
436.1272277832031,-4.422823905944824,-0.17470873892307281,179.92227172851562
436.12249755859375,-7.922821044921875,-0.17470873892307281,179.92227172851562
436.11773681640625,-11.422818183898926,-0.17470873892307281,179.92227172851562
436.11297607421875,-14.922815322875977,-0.17470873892307281,179.92227172851562
437.146240234375,9.575807571411133,-0.17510788142681122,-0.077726349234581
437.1414794921875,6.075810432434082,-0.17510788142681122,-0.077726349234581
437.13671875,2.575813055038452,-0.17510788142681122,-0.077726349234581
437.1319885253906,-0.92418372631073,-0.17510788142681122,-0.077726349234581
437.1272277832031,-4.424180507659912,-0.17510788142681122,179.92227172851562
437.12249755859375,-7.924177169799805,-0.17510788142681122,179.92227172851562
437.11773681640625,-11.424174308776855,-0.17510788142681122,179.92227172851562
437.11297607421875,-14.924171447753906,-0.17510788142681122,179.92227172851562
438.146240234375,9.574450492858887,-0.17550700902938843,-0.077726349234581
438.1414794921875,6.074453353881836,-0.17550700902938843,-0.077726349234581
438.13671875,2.5744564533233643,-0.17550700902938843,-0.077726349234581
438.1319885253906,-0.9255403280258179,-0.17550700902938843,-0.077726349234581
438.1272277832031,-4.425537109375,-0.17550700902938843,179.92227172851562
438.12249755859375,-7.925534248352051,-0.17550700902938843,179.92227172851562
438.11773681640625,-11.425531387329102,-0.17550700902938843,179.92227172851562
438.11297607421875,-14.925528526306152,-0.17550700902938843,179.92227172851562
439.146240234375,9.573094367980957,-0.17590615153312683,-0.077726349234581
439.1414794921875,6.073097229003906,-0.17590615153312683,-0.077726349234581
439.13671875,2.5731000900268555,-0.17590615153312683,-0.077726349234581
439.1319885253906,-0.9268966913223267,-0.17590615153312683,-0.077726349234581
439.1272277832031,-4.426893711090088,-0.17590615153312683,179.92227172851562
439.12249755859375,-7.9268903732299805,-0.17590615153312683,179.92227172851562
439.11773681640625,-11.426887512207031,-0.17590615153312683,179.92227172851562
439.11297607421875,-14.926884651184082,-0.17590615153312683,179.92227172851562
440.146240234375,9.571737289428711,-0.17630527913570404,-0.077726349234581
440.1414794921875,6.071740627288818,-0.17630527913570404,-0.077726349234581
440.13671875,2.5717434883117676,-0.17630527913570404,-0.077726349234581
440.1319885253906,-0.9282532930374146,-0.17630527913570404,-0.077726349234581
440.1272277832031,-4.428250312805176,-0.17630527913570404,179.92227172851562
440.12249755859375,-7.928246974945068,-0.17630527913570404,179.92227172851562
440.11773681640625,-11.428243637084961,-0.17630527913570404,179.92227172851562
440.11297607421875,-14.928241729736328,-0.17630527913570404,179.92227172851562
441.146240234375,9.570381164550781,-0.17670442163944244,-0.077726349234581
441.1414794921875,6.0703840255737305,-0.17670442163944244,-0.077726349234581
441.13671875,2.5703868865966797,-0.17670442163944244,-0.077726349234581
441.1319885253906,-0.9296098947525024,-0.17670442163944244,-0.077726349234581
441.1272277832031,-4.429606914520264,-0.17670442163944244,179.92227172851562
441.12249755859375,-7.929603576660156,-0.17670442163944244,179.92227172851562
441.11773681640625,-11.429600715637207,-0.17670442163944244,179.92227172851562
441.11297607421875,-14.929597854614258,-0.17670442163944244,179.92227172851562
442.146240234375,9.569025039672852,-0.17710354924201965,-0.077726349234581
442.1414794921875,6.069027423858643,-0.17710354924201965,-0.077726349234581
442.13671875,2.569030284881592,-0.17710354924201965,-0.077726349234581
442.1319885253906,-0.9309664964675903,-0.17710354924201965,-0.077726349234581
442.1272277832031,-4.430963516235352,-0.17710354924201965,179.92227172851562
442.12249755859375,-7.930960178375244,-0.17710354924201965,179.92227172851562
442.11773681640625,-11.430957794189453,-0.17710354924201965,179.92227172851562
442.11297607421875,-14.930953979492188,-0.17710354924201965,179.92227172851562
443.146240234375,9.567667961120605,-0.17750269174575806,-0.077726349234581
443.1414794921875,6.067670822143555,-0.17750269174575806,-0.077726349234581
443.13671875,2.567673683166504,-0.17750269174575806,-0.077726349234581
443.1319885253906,-0.9323230981826782,-0.17750269174575806,-0.077726349234581
443.1272277832031,-4.4323201179504395,-0.17750269174575806,179.92227172851562
443.12249755859375,-7.932316780090332,-0.17750269174575806,179.92227172851562
443.11773681640625,-11.432313919067383,-0.17750269174575806,179.92227172851562
443.11297607421875,-14.932311058044434,-0.17750269174575806,179.92227172851562
444.146240234375,9.56631088256836,-0.17790183424949646,-0.077726349234581
444.1414794921875,6.066314220428467,-0.17790183424949646,-0.077726349234581
444.13671875,2.566317081451416,-0.17790183424949646,-0.077726349234581
444.1319885253906,-0.9336796998977661,-0.17790183424949646,-0.077726349234581
444.1272277832031,-4.433676719665527,-0.17790183424949646,179.92227172851562
444.12249755859375,-7.93367338180542,-0.17790183424949646,179.92227172851562
444.11773681640625,-11.433670043945312,-0.17790183424949646,179.92227172851562
444.11297607421875,-14.93366813659668,-0.17790183424949646,179.92227172851562
445.146240234375,9.56495475769043,-0.17830096185207367,-0.077726349234581
445.1414794921875,6.064957618713379,-0.17830096185207367,-0.077726349234581
445.13671875,2.564960479736328,-0.17830096185207367,-0.077726349234581
445.1319885253906,-0.935036301612854,-0.17830096185207367,-0.077726349234581
445.1272277832031,-4.435033321380615,-0.17830096185207367,179.92227172851562
445.12249755859375,-7.935029983520508,-0.17830096185207367,179.92227172851562
445.11773681640625,-11.435027122497559,-0.17830096185207367,179.92227172851562
445.11297607421875,-14.93502426147461,-0.17830096185207367,179.92227172851562
446.146240234375,9.5635986328125,-0.17870010435581207,-0.077726349234581
446.1414794921875,6.063601016998291,-0.17870010435581207,-0.077726349234581
446.13671875,2.5636038780212402,-0.17870010435581207,-0.077726349234581
446.1319885253906,-0.9363929033279419,-0.17870010435581207,-0.077726349234581
446.1272277832031,-4.436389923095703,-0.17870010435581207,179.92227172851562
446.12249755859375,-7.936386585235596,-0.17870010435581207,179.92227172851562
446.11773681640625,-11.436384201049805,-0.17870010435581207,179.92227172851562
446.11297607421875,-14.936380386352539,-0.17870010435581207,179.92227172851562
447.1462097167969,9.562241554260254,-0.17909923195838928,-0.077726349234581
447.1414489746094,6.062244415283203,-0.17909923195838928,-0.077726349234581
447.1366882324219,2.5622472763061523,-0.17909923195838928,-0.077726349234581
447.1319580078125,-0.9377495050430298,-0.17909923195838928,-0.077726349234581
447.127197265625,-4.437746524810791,-0.17909923195838928,179.92227172851562
447.1224670410156,-7.937743186950684,-0.17909923195838928,179.92227172851562
447.1177062988281,-11.437740325927734,-0.17909923195838928,179.92227172851562
447.1129455566406,-14.937737464904785,-0.17909923195838928,179.92227172851562
448.1462097167969,9.560884475708008,-0.17949837446212769,-0.077726349234581
448.1414489746094,6.060887813568115,-0.17949837446212769,-0.077726349234581
448.1366882324219,2.5608906745910645,-0.17949837446212769,-0.077726349234581
448.1319580078125,-0.9391061067581177,-0.17949837446212769,-0.077726349234581
448.127197265625,-4.439103126525879,-0.17949837446212769,179.92227172851562
448.1224670410156,-7.9390997886657715,-0.17949837446212769,179.92227172851562
448.1177062988281,-11.439096450805664,-0.17949837446212769,179.92227172851562
448.1129455566406,-14.939094543457031,-0.17949837446212769,179.92227172851562
449.1462097167969,9.559528350830078,-0.1798975020647049,-0.077726349234581
449.1414489746094,6.059531211853027,-0.1798975020647049,-0.077726349234581
449.1366882324219,2.5595340728759766,-0.1798975020647049,-0.077726349234581
449.1319580078125,-0.9404627084732056,-0.1798975020647049,-0.077726349234581
449.127197265625,-4.440459728240967,-0.1798975020647049,179.92227172851562
449.1224670410156,-7.940456390380859,-0.1798975020647049,179.92227172851562
449.1177062988281,-11.44045352935791,-0.1798975020647049,179.92227172851562
449.1129455566406,-14.940450668334961,-0.1798975020647049,179.92227172851562
450.1462097167969,9.558172225952148,-0.1802966445684433,-0.077726349234581
450.1414489746094,6.0581746101379395,-0.1802966445684433,-0.077726349234581
450.1366882324219,2.5581774711608887,-0.1802966445684433,-0.077726349234581
450.1319580078125,-0.9418193101882935,-0.1802966445684433,-0.077726349234581
450.127197265625,-4.441816329956055,-0.1802966445684433,179.92227172851562
450.1224670410156,-7.941812992095947,-0.1802966445684433,179.92227172851562
450.1177062988281,-11.441810607910156,-0.1802966445684433,179.92227172851562
450.1129455566406,-14.94180679321289,-0.1802966445684433,179.92227172851562
451.1462097167969,9.556815147399902,-0.1806957721710205,-0.077726349234581
451.1414489746094,6.056818008422852,-0.1806957721710205,-0.077726349234581
451.1366882324219,2.556820869445801,-0.1806957721710205,-0.077726349234581
451.1319580078125,-0.9431759119033813,-0.1806957721710205,-0.077726349234581
451.127197265625,-4.443172931671143,-0.1806957721710205,179.92227172851562
451.1224670410156,-7.943169593811035,-0.1806957721710205,179.92227172851562
451.1177062988281,-11.443166732788086,-0.1806957721710205,179.92227172851562
451.1129455566406,-14.943163871765137,-0.1806957721710205,179.92227172851562
452.1462097167969,9.555458068847656,-0.1810949146747589,-0.077726349234581
452.1414489746094,6.055461406707764,-0.1810949146747589,-0.077726349234581
452.1366882324219,2.555464267730713,-0.1810949146747589,-0.077726349234581
452.1319580078125,-0.9445325136184692,-0.1810949146747589,-0.077726349234581
452.127197265625,-4.4445295333862305,-0.1810949146747589,179.92227172851562
452.1224670410156,-7.944526195526123,-0.1810949146747589,179.92227172851562
452.1177062988281,-11.444522857666016,-0.1810949146747589,179.92227172851562
452.1129455566406,-14.944520950317383,-0.1810949146747589,179.92227172851562
453.1462097167969,9.554101943969727,-0.18149404227733612,-0.077726349234581
453.1414489746094,6.054104804992676,-0.18149404227733612,-0.077726349234581
453.1366882324219,2.554107904434204,-0.18149404227733612,-0.077726349234581
453.1319580078125,-0.945888876914978,-0.18149404227733612,-0.077726349234581
453.127197265625,-4.44588565826416,-0.18149404227733612,179.92227172851562
453.1224670410156,-7.945882797241211,-0.18149404227733612,179.92227172851562
453.1177062988281,-11.445879936218262,-0.18149404227733612,179.92227172851562
453.1129455566406,-14.945877075195312,-0.18149404227733612,179.92227172851562
454.1462097167969,9.552745819091797,-0.18189318478107452,-0.077726349234581
454.1414489746094,6.052748680114746,-0.18189318478107452,-0.077726349234581
454.1366882324219,2.552751302719116,-0.18189318478107452,-0.077726349234581
454.1319580078125,-0.9472454786300659,-0.18189318478107452,-0.077726349234581
454.127197265625,-4.447242259979248,-0.18189318478107452,179.92227172851562
454.1224670410156,-7.947238922119141,-0.18189318478107452,179.92227172851562
454.1177062988281,-11.447236061096191,-0.18189318478107452,179.92227172851562
454.1129455566406,-14.947233200073242,-0.18189318478107452,179.92227172851562
455.1462097167969,9.55138874053955,-0.18229231238365173,-0.077726349234581
455.1414489746094,6.0513916015625,-0.18229231238365173,-0.077726349234581
455.1366882324219,2.5513947010040283,-0.18229231238365173,-0.077726349234581
455.1319580078125,-0.9486020803451538,-0.18229231238365173,-0.077726349234581
455.127197265625,-4.448598861694336,-0.18229231238365173,179.92227172851562
455.1224670410156,-7.948596000671387,-0.18229231238365173,179.92227172851562
455.1177062988281,-11.448593139648438,-0.18229231238365173,179.92227172851562
455.1129455566406,-14.948590278625488,-0.18229231238365173,179.92227172851562
456.1462097167969,9.550032615661621,-0.18269145488739014,-0.077726349234581
456.1414489746094,6.05003547668457,-0.18269145488739014,-0.077726349234581
456.1366882324219,2.5500380992889404,-0.18269145488739014,-0.077726349234581
456.1319580078125,-0.9499586820602417,-0.18269145488739014,-0.077726349234581
456.127197265625,-4.449955463409424,-0.18269145488739014,179.92227172851562
456.1224670410156,-7.949952125549316,-0.18269145488739014,179.92227172851562
456.1177062988281,-11.449949264526367,-0.18269145488739014,179.92227172851562
456.1129455566406,-14.949946403503418,-0.18269145488739014,179.92227172851562
457.1462097167969,9.548675537109375,-0.18309058248996735,-0.077726349234581
457.1414489746094,6.048678398132324,-0.18309058248996735,-0.077726349234581
457.1366882324219,2.5486814975738525,-0.18309058248996735,-0.077726349234581
457.1319580078125,-0.9513152837753296,-0.18309058248996735,-0.077726349234581
457.127197265625,-4.451312065124512,-0.18309058248996735,179.92227172851562
457.1224670410156,-7.9513092041015625,-0.18309058248996735,179.92227172851562
457.1177062988281,-11.451306343078613,-0.18309058248996735,179.92227172851562
457.1129455566406,-14.951303482055664,-0.18309058248996735,179.92227172851562
458.1462097167969,9.547319412231445,-0.18348972499370575,-0.077726349234581
458.1414489746094,6.0473222732543945,-0.18348972499370575,-0.077726349234581
458.1366882324219,2.5473248958587646,-0.18348972499370575,-0.077726349234581
458.1319580078125,-0.9526718854904175,-0.18348972499370575,-0.077726349234581
458.127197265625,-4.4526686668396,-0.18348972499370575,179.92227172851562
458.1224670410156,-7.952665328979492,-0.18348972499370575,179.92227172851562
458.1177062988281,-11.452662467956543,-0.18348972499370575,179.92227172851562
458.1129455566406,-14.952659606933594,-0.18348972499370575,179.92227172851562
459.1462097167969,9.5459623336792,-0.18388885259628296,-0.077726349234581
459.1414489746094,6.045965194702148,-0.18388885259628296,-0.077726349234581
459.1366882324219,2.5459682941436768,-0.18388885259628296,-0.077726349234581
459.1319580078125,-0.9540284872055054,-0.18388885259628296,-0.077726349234581
459.127197265625,-4.4540252685546875,-0.18388885259628296,179.92227172851562
459.1224670410156,-7.954022407531738,-0.18388885259628296,179.92227172851562
459.1177062988281,-11.454019546508789,-0.18388885259628296,179.92227172851562
459.1129455566406,-14.95401668548584,-0.18388885259628296,179.92227172851562
460.1462097167969,9.54460620880127,-0.18428799510002136,-0.077726349234581
460.1414489746094,6.044609069824219,-0.18428799510002136,-0.077726349234581
460.1366882324219,2.544611692428589,-0.18428799510002136,-0.077726349234581
460.1319580078125,-0.9553850889205933,-0.18428799510002136,-0.077726349234581
460.127197265625,-4.455381870269775,-0.18428799510002136,179.92227172851562
460.1224670410156,-7.955378532409668,-0.18428799510002136,179.92227172851562
460.1177062988281,-11.455375671386719,-0.18428799510002136,179.92227172851562
460.1129455566406,-14.95537281036377,-0.18428799510002136,179.92227172851562
461.1462097167969,9.543249130249023,-0.18468713760375977,-0.077726349234581
461.1414489746094,6.043252468109131,-0.18468713760375977,-0.077726349234581
461.1366882324219,2.54325532913208,-0.18468713760375977,-0.077726349234581
461.1319580078125,-0.956741452217102,-0.18468713760375977,-0.077726349234581
461.127197265625,-4.456738471984863,-0.18468713760375977,179.92227172851562
461.1224670410156,-7.956735134124756,-0.18468713760375977,179.92227172851562
461.1177062988281,-11.456731796264648,-0.18468713760375977,179.92227172851562
461.1129455566406,-14.956729888916016,-0.18468713760375977,179.92227172851562
462.1462097167969,9.541893005371094,-0.18508626520633698,-0.077726349234581
462.1414489746094,6.041895866394043,-0.18508626520633698,-0.077726349234581
462.1366882324219,2.541898727416992,-0.18508626520633698,-0.077726349234581
462.1319580078125,-0.9580980539321899,-0.18508626520633698,-0.077726349234581
462.127197265625,-4.458095073699951,-0.18508626520633698,179.92227172851562
462.1224670410156,-7.958091735839844,-0.18508626520633698,179.92227172851562
462.1177062988281,-11.458088874816895,-0.18508626520633698,179.92227172851562
462.1129455566406,-14.958086013793945,-0.18508626520633698,179.92227172851562
463.1462097167969,9.540536880493164,-0.18548540771007538,-0.077726349234581
463.1414489746094,6.040539264678955,-0.18548540771007538,-0.077726349234581
463.1366882324219,2.5405421257019043,-0.18548540771007538,-0.077726349234581
463.1319580078125,-0.9594546556472778,-0.18548540771007538,-0.077726349234581
463.127197265625,-4.459451675415039,-0.18548540771007538,179.92227172851562
463.1224670410156,-7.959448337554932,-0.18548540771007538,179.92227172851562
463.1177062988281,-11.45944595336914,-0.18548540771007538,179.92227172851562
463.1129455566406,-14.959442138671875,-0.18548540771007538,179.92227172851562
464.1462097167969,9.539179801940918,-0.1858845353126526,-0.077726349234581
464.1414489746094,6.039182662963867,-0.1858845353126526,-0.077726349234581
464.1366882324219,2.5391855239868164,-0.1858845353126526,-0.077726349234581
464.1319580078125,-0.9608112573623657,-0.1858845353126526,-0.077726349234581
464.127197265625,-4.460808277130127,-0.1858845353126526,179.92227172851562
464.1224670410156,-7.9608049392700195,-0.1858845353126526,179.92227172851562
464.1177062988281,-11.46080207824707,-0.1858845353126526,179.92227172851562
464.1129455566406,-14.960799217224121,-0.1858845353126526,179.92227172851562
465.1462097167969,9.537822723388672,-0.186283677816391,-0.077726349234581
465.1414489746094,6.037826061248779,-0.186283677816391,-0.077726349234581
465.1366882324219,2.5378289222717285,-0.186283677816391,-0.077726349234581
465.1319580078125,-0.9621678590774536,-0.186283677816391,-0.077726349234581
465.127197265625,-4.462164878845215,-0.186283677816391,179.92227172851562
465.1224670410156,-7.962161540985107,-0.186283677816391,179.92227172851562
465.1177062988281,-11.462158203125,-0.186283677816391,179.92227172851562
465.1129455566406,-14.962156295776367,-0.186283677816391,179.92227172851562
466.1462097167969,9.536466598510742,-0.1866828054189682,-0.077726349234581
466.1414489746094,6.036469459533691,-0.1866828054189682,-0.077726349234581
466.1366882324219,2.5364723205566406,-0.1866828054189682,-0.077726349234581
466.1319580078125,-0.9635244607925415,-0.1866828054189682,-0.077726349234581
466.127197265625,-4.463521480560303,-0.1866828054189682,179.92227172851562
466.1224670410156,-7.963518142700195,-0.1866828054189682,179.92227172851562
466.1177062988281,-11.463515281677246,-0.1866828054189682,179.92227172851562
466.1129455566406,-14.963512420654297,-0.1866828054189682,179.92227172851562
467.1462097167969,9.535110473632812,-0.1870819479227066,-0.077726349234581
467.1414489746094,6.0351128578186035,-0.1870819479227066,-0.077726349234581
467.1366882324219,2.5351157188415527,-0.1870819479227066,-0.077726349234581
467.1319580078125,-0.9648810625076294,-0.1870819479227066,-0.077726349234581
467.127197265625,-4.464878082275391,-0.1870819479227066,179.92227172851562
467.1224670410156,-7.964874744415283,-0.1870819479227066,179.92227172851562
467.1177062988281,-11.464872360229492,-0.1870819479227066,179.92227172851562
467.1129455566406,-14.964868545532227,-0.1870819479227066,179.92227172851562
468.1462097167969,9.533753395080566,-0.1874810755252838,-0.077726349234581
468.1414489746094,6.033756256103516,-0.1874810755252838,-0.077726349234581
468.1366882324219,2.533759117126465,-0.1874810755252838,-0.077726349234581
468.1319580078125,-0.9662376642227173,-0.1874810755252838,-0.077726349234581
468.127197265625,-4.4662346839904785,-0.1874810755252838,179.92227172851562
468.1224670410156,-7.966231346130371,-0.1874810755252838,179.92227172851562
468.1177062988281,-11.466228485107422,-0.1874810755252838,179.92227172851562
468.1129455566406,-14.966225624084473,-0.1874810755252838,179.92227172851562
469.1462097167969,9.53239631652832,-0.18788021802902222,-0.077726349234581
469.1414489746094,6.032399654388428,-0.18788021802902222,-0.077726349234581
469.1366882324219,2.532402515411377,-0.18788021802902222,-0.077726349234581
469.1319580078125,-0.9675942659378052,-0.18788021802902222,-0.077726349234581
469.127197265625,-4.467591285705566,-0.18788021802902222,179.92227172851562
469.1224670410156,-7.967587947845459,-0.18788021802902222,179.92227172851562
469.1177062988281,-11.467584609985352,-0.18788021802902222,179.92227172851562
469.1129455566406,-14.967582702636719,-0.18788021802902222,179.92227172851562
470.1462097167969,9.53104019165039,-0.18827934563159943,-0.077726349234581
470.1414489746094,6.03104305267334,-0.18827934563159943,-0.077726349234581
470.1366882324219,2.531045913696289,-0.18827934563159943,-0.077726349234581
470.1319580078125,-0.9689508676528931,-0.18827934563159943,-0.077726349234581
470.127197265625,-4.468947887420654,-0.18827934563159943,179.92227172851562
470.1224670410156,-7.968944549560547,-0.18827934563159943,179.92227172851562
470.1177062988281,-11.468941688537598,-0.18827934563159943,179.92227172851562
470.1129455566406,-14.968938827514648,-0.18827934563159943,179.92227172851562
471.1462097167969,9.529684066772461,-0.18867848813533783,-0.077726349234581
471.1414489746094,6.029686450958252,-0.18867848813533783,-0.077726349234581
471.1366882324219,2.529689311981201,-0.18867848813533783,-0.077726349234581
471.1319580078125,-0.970307469367981,-0.18867848813533783,-0.077726349234581
471.127197265625,-4.470304489135742,-0.18867848813533783,179.92227172851562
471.1224670410156,-7.970301151275635,-0.18867848813533783,179.92227172851562
471.1177062988281,-11.470298767089844,-0.18867848813533783,179.92227172851562
471.1129455566406,-14.970294952392578,-0.18867848813533783,179.92227172851562
472.1462097167969,9.528326988220215,-0.18907761573791504,-0.077726349234581
472.1414489746094,6.028329849243164,-0.18907761573791504,-0.077726349234581
472.1366882324219,2.5283327102661133,-0.18907761573791504,-0.077726349234581
472.1319580078125,-0.9716640710830688,-0.18907761573791504,-0.077726349234581
472.127197265625,-4.47166109085083,-0.18907761573791504,179.92227172851562
472.1224670410156,-7.971657752990723,-0.18907761573791504,179.92227172851562
472.1177062988281,-11.471654891967773,-0.18907761573791504,179.92227172851562
472.1129455566406,-14.971652030944824,-0.18907761573791504,179.92227172851562
473.1462097167969,9.526969909667969,-0.18947675824165344,-0.077726349234581
473.1414489746094,6.026973247528076,-0.18947675824165344,-0.077726349234581
473.1366882324219,2.5269761085510254,-0.18947675824165344,-0.077726349234581
473.1319580078125,-0.9730206727981567,-0.18947675824165344,-0.077726349234581
473.127197265625,-4.473017692565918,-0.18947675824165344,179.92227172851562
473.1224670410156,-7.9730143547058105,-0.18947675824165344,179.92227172851562
473.1177062988281,-11.473011016845703,-0.18947675824165344,179.92227172851562
473.1129455566406,-14.97300910949707,-0.18947675824165344,179.92227172851562
474.1462097167969,9.525613784790039,-0.18987588584423065,-0.077726349234581
474.1414489746094,6.025616645812988,-0.18987588584423065,-0.077726349234581
474.1366882324219,2.5256195068359375,-0.18987588584423065,-0.077726349234581
474.1319580078125,-0.9743772745132446,-0.18987588584423065,-0.077726349234581
474.127197265625,-4.474374294281006,-0.18987588584423065,179.92227172851562
474.1224670410156,-7.974370956420898,-0.18987588584423065,179.92227172851562
474.1177062988281,-11.47436809539795,-0.18987588584423065,179.92227172851562
474.1129455566406,-14.974365234375,-0.18987588584423065,179.92227172851562
475.1462097167969,9.52425765991211,-0.19027502834796906,-0.077726349234581
475.1414489746094,6.024260520935059,-0.19027502834796906,-0.077726349234581
475.1366882324219,2.5242631435394287,-0.19027502834796906,-0.077726349234581
475.1319580078125,-0.9757336378097534,-0.19027502834796906,-0.077726349234581
475.127197265625,-4.4757304191589355,-0.19027502834796906,179.92227172851562
475.1224670410156,-7.975727081298828,-0.19027502834796906,179.92227172851562
475.1177062988281,-11.475724220275879,-0.19027502834796906,179.92227172851562
475.1129455566406,-14.97572135925293,-0.19027502834796906,179.92227172851562
476.1462097167969,9.522900581359863,-0.19067417085170746,-0.077726349234581
476.1414489746094,6.0229034423828125,-0.19067417085170746,-0.077726349234581
476.1366882324219,2.522906541824341,-0.19067417085170746,-0.077726349234581
476.1319580078125,-0.9770902395248413,-0.19067417085170746,-0.077726349234581
476.127197265625,-4.477087020874023,-0.19067417085170746,179.92227172851562
476.1224670410156,-7.977084159851074,-0.19067417085170746,179.92227172851562
476.1177062988281,-11.477081298828125,-0.19067417085170746,179.92227172851562
476.1129455566406,-14.977078437805176,-0.19067417085170746,179.92227172851562
477.1462097167969,9.521544456481934,-0.19107329845428467,-0.077726349234581
477.1414489746094,6.021547317504883,-0.19107329845428467,-0.077726349234581
477.1366882324219,2.521549940109253,-0.19107329845428467,-0.077726349234581
477.1319580078125,-0.9784468412399292,-0.19107329845428467,-0.077726349234581
477.127197265625,-4.478443622589111,-0.19107329845428467,179.92227172851562
477.1224670410156,-7.978440284729004,-0.19107329845428467,179.92227172851562
477.1177062988281,-11.478437423706055,-0.19107329845428467,179.92227172851562
477.1129455566406,-14.978434562683105,-0.19107329845428467,179.92227172851562
478.1462097167969,9.520187377929688,-0.19147244095802307,-0.077726349234581
478.1414489746094,6.020190238952637,-0.19147244095802307,-0.077726349234581
478.1366882324219,2.520193338394165,-0.19147244095802307,-0.077726349234581
478.1319580078125,-0.9798034429550171,-0.19147244095802307,-0.077726349234581
478.127197265625,-4.479800224304199,-0.19147244095802307,179.92227172851562
478.1224670410156,-7.97979736328125,-0.19147244095802307,179.92227172851562
478.1177062988281,-11.4797945022583,-0.19147244095802307,179.92227172851562
478.1129455566406,-14.979791641235352,-0.19147244095802307,179.92227172851562
479.1462097167969,9.518831253051758,-0.19187156856060028,-0.077726349234581
479.1414489746094,6.018834114074707,-0.19187156856060028,-0.077726349234581
479.1366882324219,2.518836736679077,-0.19187156856060028,-0.077726349234581
479.1319580078125,-0.981160044670105,-0.19187156856060028,-0.077726349234581
479.127197265625,-4.481156826019287,-0.19187156856060028,179.92227172851562
479.1224670410156,-7.98115348815918,-0.19187156856060028,179.92227172851562
479.1177062988281,-11.48115062713623,-0.19187156856060028,179.92227172851562
479.1129455566406,-14.981147766113281,-0.19187156856060028,179.92227172851562
480.14617919921875,9.517474174499512,-0.19227071106433868,-0.077726349234581
480.14141845703125,6.017477035522461,-0.19227071106433868,-0.077726349234581
480.13665771484375,2.5174801349639893,-0.19227071106433868,-0.077726349234581
480.1319274902344,-0.9825166463851929,-0.19227071106433868,-0.077726349234581
480.1271667480469,-4.482513427734375,-0.19227071106433868,179.92227172851562
480.1224365234375,-7.982510566711426,-0.19227071106433868,179.92227172851562
480.11767578125,-11.482507705688477,-0.19227071106433868,179.92227172851562
480.1129150390625,-14.982504844665527,-0.19227071106433868,179.92227172851562
481.14617919921875,9.516118049621582,-0.1926698386669159,-0.077726349234581
481.14141845703125,6.016120910644531,-0.1926698386669159,-0.077726349234581
481.13665771484375,2.5161235332489014,-0.1926698386669159,-0.077726349234581
481.1319274902344,-0.9838732481002808,-0.1926698386669159,-0.077726349234581
481.1271667480469,-4.483870029449463,-0.1926698386669159,179.92227172851562
481.1224365234375,-7.9838666915893555,-0.1926698386669159,179.92227172851562
481.11767578125,-11.483863830566406,-0.1926698386669159,179.92227172851562
481.1129150390625,-14.983860969543457,-0.1926698386669159,179.92227172851562
482.14617919921875,9.514760971069336,-0.1930689811706543,-0.077726349234581
482.14141845703125,6.014763832092285,-0.1930689811706543,-0.077726349234581
482.13665771484375,2.5147669315338135,-0.1930689811706543,-0.077726349234581
482.1319274902344,-0.9852298498153687,-0.1930689811706543,-0.077726349234581
482.1271667480469,-4.485226631164551,-0.1930689811706543,179.92227172851562
482.1224365234375,-7.985223770141602,-0.1930689811706543,179.92227172851562
482.11767578125,-11.485220909118652,-0.1930689811706543,179.92227172851562
482.1129150390625,-14.985218048095703,-0.1930689811706543,179.92227172851562
483.14617919921875,9.513404846191406,-0.1934681087732315,-0.077726349234581
483.14141845703125,6.0134077072143555,-0.1934681087732315,-0.077726349234581
483.13665771484375,2.5134105682373047,-0.1934681087732315,-0.077726349234581
483.1319274902344,-0.9865862131118774,-0.1934681087732315,-0.077726349234581
483.1271667480469,-4.486583232879639,-0.1934681087732315,179.92227172851562
483.1224365234375,-7.986579895019531,-0.1934681087732315,179.92227172851562
483.11767578125,-11.486577033996582,-0.1934681087732315,179.92227172851562
483.1129150390625,-14.986574172973633,-0.1934681087732315,179.92227172851562
484.14617919921875,9.512048721313477,-0.1938672512769699,-0.077726349234581
484.14141845703125,6.012051105499268,-0.1938672512769699,-0.077726349234581
484.13665771484375,2.512053966522217,-0.1938672512769699,-0.077726349234581
484.1319274902344,-0.9879428148269653,-0.1938672512769699,-0.077726349234581
484.1271667480469,-4.487939834594727,-0.1938672512769699,179.92227172851562
484.1224365234375,-7.987936496734619,-0.1938672512769699,179.92227172851562
484.11767578125,-11.487934112548828,-0.1938672512769699,179.92227172851562
484.1129150390625,-14.987930297851562,-0.1938672512769699,179.92227172851562
485.14617919921875,9.51069164276123,-0.19426637887954712,-0.077726349234581
485.14141845703125,6.01069450378418,-0.19426637887954712,-0.077726349234581
485.13665771484375,2.510697364807129,-0.19426637887954712,-0.077726349234581
485.1319274902344,-0.9892994165420532,-0.19426637887954712,-0.077726349234581
485.1271667480469,-4.4892964363098145,-0.19426637887954712,179.92227172851562
485.1224365234375,-7.989293098449707,-0.19426637887954712,179.92227172851562
485.11767578125,-11.489290237426758,-0.19426637887954712,179.92227172851562
485.1129150390625,-14.989287376403809,-0.19426637887954712,179.92227172851562
486.14617919921875,9.509334564208984,-0.19466552138328552,-0.077726349234581
486.14141845703125,6.009337902069092,-0.19466552138328552,-0.077726349234581
486.13665771484375,2.509340763092041,-0.19466552138328552,-0.077726349234581
486.1319274902344,-0.9906560182571411,-0.19466552138328552,-0.077726349234581
486.1271667480469,-4.490653038024902,-0.19466552138328552,179.92227172851562
486.1224365234375,-7.990649700164795,-0.19466552138328552,179.92227172851562
486.11767578125,-11.490646362304688,-0.19466552138328552,179.92227172851562
486.1129150390625,-14.990644454956055,-0.19466552138328552,179.92227172851562
487.14617919921875,9.507978439331055,-0.19506464898586273,-0.077726349234581
487.14141845703125,6.007981300354004,-0.19506464898586273,-0.077726349234581
487.13665771484375,2.507984161376953,-0.19506464898586273,-0.077726349234581
487.1319274902344,-0.992012619972229,-0.19506464898586273,-0.077726349234581
487.1271667480469,-4.49200963973999,-0.19506464898586273,179.92227172851562
487.1224365234375,-7.992006301879883,-0.19506464898586273,179.92227172851562
487.11767578125,-11.492003440856934,-0.19506464898586273,179.92227172851562
487.1129150390625,-14.992000579833984,-0.19506464898586273,179.92227172851562
488.14617919921875,9.506622314453125,-0.19546379148960114,-0.077726349234581
488.14141845703125,6.006624698638916,-0.19546379148960114,-0.077726349234581
488.13665771484375,2.5066275596618652,-0.19546379148960114,-0.077726349234581
488.1319274902344,-0.9933692216873169,-0.19546379148960114,-0.077726349234581
488.1271667480469,-4.493366241455078,-0.19546379148960114,179.92227172851562
488.1224365234375,-7.993362903594971,-0.19546379148960114,179.92227172851562
488.11767578125,-11.49336051940918,-0.19546379148960114,179.92227172851562
488.1129150390625,-14.993356704711914,-0.19546379148960114,179.92227172851562
489.14617919921875,9.505265235900879,-0.19586291909217834,-0.077726349234581
489.14141845703125,6.005268096923828,-0.19586291909217834,-0.077726349234581
489.13665771484375,2.5052709579467773,-0.19586291909217834,-0.077726349234581
489.1319274902344,-0.9947258234024048,-0.19586291909217834,-0.077726349234581
489.1271667480469,-4.494722843170166,-0.19586291909217834,179.92227172851562
489.1224365234375,-7.994719505310059,-0.19586291909217834,179.92227172851562
489.11767578125,-11.49471664428711,-0.19586291909217834,179.92227172851562
489.1129150390625,-14.99471378326416,-0.19586291909217834,179.92227172851562
490.14617919921875,9.503908157348633,-0.19626206159591675,-0.077726349234581
490.14141845703125,6.00391149520874,-0.19626206159591675,-0.077726349234581
490.13665771484375,2.5039143562316895,-0.19626206159591675,-0.077726349234581
490.1319274902344,-0.9960824251174927,-0.19626206159591675,-0.077726349234581
490.1271667480469,-4.496079444885254,-0.19626206159591675,179.92227172851562
490.1224365234375,-7.9960761070251465,-0.19626206159591675,179.92227172851562
490.11767578125,-11.496072769165039,-0.19626206159591675,179.92227172851562
490.1129150390625,-14.996070861816406,-0.19626206159591675,179.92227172851562
491.14617919921875,9.502552032470703,-0.19666120409965515,-0.077726349234581
491.14141845703125,6.002554893493652,-0.19666120409965515,-0.077726349234581
491.13665771484375,2.5025577545166016,-0.19666120409965515,-0.077726349234581
491.1319274902344,-0.9974390268325806,-0.19666120409965515,-0.077726349234581
491.1271667480469,-4.497436046600342,-0.19666120409965515,179.92227172851562
491.1224365234375,-7.997432708740234,-0.19666120409965515,179.92227172851562
491.11767578125,-11.497429847717285,-0.19666120409965515,179.92227172851562
491.1129150390625,-14.997426986694336,-0.19666120409965515,179.92227172851562
492.14617919921875,9.501195907592773,-0.19706033170223236,-0.077726349234581
492.14141845703125,6.0011982917785645,-0.19706033170223236,-0.077726349234581
492.13665771484375,2.5012011528015137,-0.19706033170223236,-0.077726349234581
492.1319274902344,-0.9987956285476685,-0.19706033170223236,-0.077726349234581
492.1271667480469,-4.49879264831543,-0.19706033170223236,179.92227172851562
492.1224365234375,-7.998789310455322,-0.19706033170223236,179.92227172851562
492.11767578125,-11.498786926269531,-0.19706033170223236,179.92227172851562
492.1129150390625,-14.998783111572266,-0.19706033170223236,179.92227172851562
493.14617919921875,9.499838829040527,-0.19745947420597076,-0.077726349234581
493.14141845703125,5.999841690063477,-0.19745947420597076,-0.077726349234581
493.13665771484375,2.499844551086426,-0.19745947420597076,-0.077726349234581
493.1319274902344,-1.0001522302627563,-0.19745947420597076,-0.077726349234581
493.1271667480469,-4.500149250030518,-0.19745947420597076,179.92227172851562
493.1224365234375,-8.00014591217041,-0.19745947420597076,179.92227172851562
493.11767578125,-11.500143051147461,-0.19745947420597076,179.92227172851562
493.1129150390625,-15.000140190124512,-0.19745947420597076,179.92227172851562
494.14617919921875,9.498481750488281,-0.19785860180854797,-0.077726349234581
494.14141845703125,5.998485088348389,-0.19785860180854797,-0.077726349234581
494.13665771484375,2.498487949371338,-0.19785860180854797,-0.077726349234581
494.1319274902344,-1.0015088319778442,-0.19785860180854797,-0.077726349234581
494.1271667480469,-4.5015058517456055,-0.19785860180854797,179.92227172851562
494.1224365234375,-8.001502990722656,-0.19785860180854797,179.92227172851562
494.11767578125,-11.50149917602539,-0.19785860180854797,179.92227172851562
494.1129150390625,-15.001497268676758,-0.19785860180854797,179.92227172851562
495.14617919921875,9.497125625610352,-0.19825774431228638,-0.077726349234581
495.14141845703125,5.997128486633301,-0.19825774431228638,-0.077726349234581
495.13665771484375,2.49713134765625,-0.19825774431228638,-0.077726349234581
495.1319274902344,-1.0028654336929321,-0.19825774431228638,-0.077726349234581
495.1271667480469,-4.502862453460693,-0.19825774431228638,179.92227172851562
495.1224365234375,-8.002859115600586,-0.19825774431228638,179.92227172851562
495.11767578125,-11.502856254577637,-0.19825774431228638,179.92227172851562
495.1129150390625,-15.002853393554688,-0.19825774431228638,179.92227172851562
496.14617919921875,9.495769500732422,-0.1986568719148636,-0.077726349234581
496.14141845703125,5.995771884918213,-0.1986568719148636,-0.077726349234581
496.13665771484375,2.495774745941162,-0.1986568719148636,-0.077726349234581
496.1319274902344,-1.00422203540802,-0.1986568719148636,-0.077726349234581
496.1271667480469,-4.504219055175781,-0.1986568719148636,179.92227172851562
496.1224365234375,-8.004215240478516,-0.1986568719148636,179.92227172851562
496.11767578125,-11.504213333129883,-0.1986568719148636,179.92227172851562
496.1129150390625,-15.004209518432617,-0.1986568719148636,179.92227172851562
497.14617919921875,9.494412422180176,-0.199056014418602,-0.077726349234581
497.14141845703125,5.994415283203125,-0.199056014418602,-0.077726349234581
497.13665771484375,2.4944183826446533,-0.199056014418602,-0.077726349234581
497.1319274902344,-1.0055783987045288,-0.199056014418602,-0.077726349234581
497.1271667480469,-4.505575180053711,-0.199056014418602,179.92227172851562
497.1224365234375,-8.005572319030762,-0.199056014418602,179.92227172851562
497.11767578125,-11.505569458007812,-0.199056014418602,179.92227172851562
497.1129150390625,-15.005566596984863,-0.199056014418602,179.92227172851562
498.14617919921875,9.493056297302246,-0.1994551420211792,-0.077726349234581
498.14141845703125,5.993059158325195,-0.1994551420211792,-0.077726349234581
498.13665771484375,2.4930617809295654,-0.1994551420211792,-0.077726349234581
498.1319274902344,-1.0069350004196167,-0.1994551420211792,-0.077726349234581
498.1271667480469,-4.506931781768799,-0.1994551420211792,179.92227172851562
498.1224365234375,-8.006928443908691,-0.1994551420211792,179.92227172851562
498.11767578125,-11.506925582885742,-0.1994551420211792,179.92227172851562
498.1129150390625,-15.006922721862793,-0.1994551420211792,179.92227172851562
499.14617919921875,9.49169921875,-0.1998542845249176,-0.077726349234581
499.14141845703125,5.991702079772949,-0.1998542845249176,-0.077726349234581
499.13665771484375,2.4917051792144775,-0.1998542845249176,-0.077726349234581
499.1319274902344,-1.0082916021347046,-0.1998542845249176,-0.077726349234581
499.1271667480469,-4.508288383483887,-0.1998542845249176,179.92227172851562
499.1224365234375,-8.008285522460938,-0.1998542845249176,179.92227172851562
499.11767578125,-11.508282661437988,-0.1998542845249176,179.92227172851562
499.1129150390625,-15.008279800415039,-0.1998542845249176,179.92227172851562
500.14617919921875,9.49034309387207,-0.2002534121274948,-0.077726349234581
500.14141845703125,5.9903459548950195,-0.2002534121274948,-0.077726349234581
500.13665771484375,2.4903485774993896,-0.2002534121274948,-0.077726349234581
500.1319274902344,-1.0096482038497925,-0.2002534121274948,-0.077726349234581
500.1271667480469,-4.509644985198975,-0.2002534121274948,179.92227172851562
500.1224365234375,-8.009641647338867,-0.2002534121274948,179.92227172851562
500.11767578125,-11.509638786315918,-0.2002534121274948,179.92227172851562
500.1129150390625,-15.009635925292969,-0.2002534121274948,179.92227172851562
